bagnum_num,tank_ID,DNA_label,new_label,need DNA ?,sal_full,temp_full,nbr_leaves,length_longest_leaf,nbr_leaves_end,nbr_new_leaves,width_leaf,Growth_leaf1,Growth_leaf2,Growth_leaf3,Growth_leaf4,Growth_leaf5,Growth_leaf6,Growth_leaf7,Length_new_leaf1,Length_new_leaf2,Length_new_leaf3,Length_new_leaf4,Length_new_leaf5,Length_new_leaf6,Nbr_new_shoots,Nbr_leaves_new_shoot1,Length_new_shoot1_leaf1,Length_new_shoot1_leaf2,Length_new_shoot1_leaf3,Length_new_shoot1_leaf4,Length_new_shoot1_leaf5,Length_new_shoot1_leaf6,Nbr_leaves_new_shoot2,Length_new_shoot2_leaf1,Length_new_shoot2_leaf2,Length_new_shoot2_leaf3,Length_new_shoot2_leaf4,Length_new_shoot2_leaf5,Length_flower1,Length_bract1,Length_flower2,Length_bract2,Length_flower3,Length_bract3,below_ground_weight,above_ground_weight,weight_new_shoot1,weight_new_shoot2,total_weight,lesions?,picture?,isAlive,Comment
1,A1,HOR_gen-01,001_A1_HOR_gen-01_TempControl-21psu,,21psu,TempControl,5,43.0,5,2,0.40,0.3,25.0,7.4,NA,NA,NA,NA,32.1,47.8,NA,NA,NA,NA,1,3,13.5,4.1,20.9,NA,NA,NA,NA,NA,NA,NA,NA,NA,NA,NA,NA,NA,NA,NA,1.44,1.16,0.11,0.00,2.71,Y,Y,TRUE,"new leaf coming in on old shoot, 7.1"
2,A1,KUR_gen-01,002_A1_KUR_gen-01_TempControl-21psu,,21psu,TempControl,6,15.5,4,2,0.20,6.1,18.7,0.0,NA,NA,NA,NA,13.6,18.4,NA,NA,NA,NA,1,3,12.5,6.1,9.0,NA,NA,NA,NA,NA,NA,NA,NA,NA,NA,NA,NA,NA,NA,NA,0.91,0.33,0.07,0.00,1.31,N,Y,TRUE,new leaf coming in on old shoot
3,A1,BAR_gen-01,003_A1_BAR_gen-01_TempControl-21psu,yes,21psu,TempControl,5,36.5,5,3,0.20,0.2,9.4,NA,NA,NA,NA,NA,24.1,18.2,29.5,NA,NA,NA,0,NA,NA,NA,NA,NA,NA,NA,NA,NA,NA,NA,NA,NA,NA,NA,NA,NA,NA,NA,1.19,0.73,0.00,0.00,1.92,N,Y,TRUE,
4,A1,HOG_gen-01,004_A1_HOG_gen-01_TempControl-21psu,yes,21psu,TempControl,5,37.5,5,3,0.30,5.2,15.6,NA,NA,NA,NA,NA,23.6,20.5,26.0,NA,NA,NA,0,NA,NA,NA,NA,NA,NA,NA,NA,NA,NA,NA,NA,NA,NA,NA,NA,NA,NA,NA,2.92,1.10,0.00,0.00,4.02,N,Y,TRUE,new leaf coming in on old shoot
5,A1,VIK_gen-01,005_A1_VIK_gen-01_TempControl-21psu,,21psu,TempControl,5,59.7,5,3,0.50,6.1,23.3,NA,NA,NA,NA,NA,41.9,16.0,44.1,NA,NA,NA,1,4,7.9,21.2,15.8,16.8,NA,NA,NA,NA,NA,NA,NA,NA,NA,NA,NA,NA,NA,NA,1.81,2.00,0.36,0.00,4.17,N,Y,TRUE,new leaf coming in on new shoot
6,A1,VAT_gen-01,006_A1_VAT_gen-01_TempControl-21psu,,21psu,TempControl,5,58.3,5,2,0.60,1.4,17.5,13.0,NA,NA,NA,NA,27.1,18.2,NA,NA,NA,NA,1,4,7.9,5.0,9.4,10.5,NA,NA,NA,NA,NA,NA,NA,NA,NA,NA,NA,NA,NA,NA,3.97,2.29,0.00,0.00,6.26,N,Y,TRUE,missing new shoot weight
7,A1,KAL_gen-01,007_A1_KAL_gen-01_TempControl-21psu,,21psu,TempControl,5,56.7,5,3,0.30,10.0,34.5,NA,NA,NA,NA,NA,53.8,23.0,48.0,NA,NA,NA,0,NA,NA,NA,NA,NA,NA,NA,NA,NA,NA,NA,NA,NA,NA,NA,NA,NA,NA,NA,3.11,1.63,0.00,0.00,4.74,N,Y,TRUE,
8,A1,BJO_gen-01,008_A1_BJO_gen-01_TempControl-21psu,yes,21psu,TempControl,5,26.7,3,2,0.40,3.4,13.2,NA,NA,NA,NA,NA,7.4,NA,NA,NA,NA,NA,1,3,9.0,8.1,13.2,NA,NA,NA,NA,NA,NA,NA,NA,NA,NA,NA,NA,NA,NA,NA,2.53,0.63,0.23,0.00,3.39,Y,Y,TRUE,
10,A1,KUR_gen-02,010_A1_KUR_gen-02_TempControl-7psu,yes,7psu,TempControl,5,20.9,0,NA,NA,NA,NA,NA,NA,NA,NA,NA,NA,NA,NA,NA,NA,NA,0,NA,NA,NA,NA,NA,NA,NA,NA,NA,NA,NA,NA,NA,NA,NA,NA,NA,NA,NA,0.00,0.00,0.00,0.00,0.00,NA,NA,FALSE,DEAD
11,A1,BJO_gen-02,011_A1_BJO_gen-02_TempControl-7psu,,7psu,TempControl,6,43.5,5,2,0.40,16.5,34.7,4.8,NA,NA,NA,NA,36.8,21.0,NA,NA,NA,NA,1,3,16.6,9.3,14.0,NA,NA,NA,NA,NA,NA,NA,NA,NA,NA,NA,NA,NA,NA,NA,2.34,1.67,0.18,0.00,4.19,N,Y,TRUE,"new shoot 1 has a hole on leaf3, growth to hole is 11"
12,A1,VIK_gen-02,012_A1_VIK_gen-02_TempControl-7psu,,7psu,TempControl,7,25.0,4,2,0.40,1.3,1.5,NA,NA,NA,NA,NA,9.2,11.6,NA,NA,NA,NA,0,NA,NA,NA,NA,NA,NA,NA,NA,NA,NA,NA,NA,NA,NA,NA,NA,NA,NA,NA,1.72,0.30,0.00,0.00,2.02,N,Y,TRUE,Had 2 new shoots but both were dead
13,A1,VAT_gen-02,013_A1_VAT_gen-02_TempControl-7psu,,7psu,TempControl,5,39.5,0,NA,NA,NA,NA,NA,NA,NA,NA,NA,NA,NA,NA,NA,NA,NA,0,NA,NA,NA,NA,NA,NA,NA,NA,NA,NA,NA,NA,NA,NA,NA,NA,NA,NA,NA,0.00,0.00,0.00,0.00,0.00,NA,NA,FALSE,DEAD
14,A1,HOR_gen-02,014_A1_HOR_gen-02_TempControl-7psu,,7psu,TempControl,5,36.7,5,4,0.30,5.0,17.1,NA,NA,NA,NA,NA,4.6,25.1,21.4,17.5,NA,NA,0,NA,NA,NA,NA,NA,NA,NA,NA,NA,NA,NA,NA,NA,NA,NA,NA,NA,NA,NA,1.77,0.99,0.00,0.00,2.76,Y,Y,TRUE,
15,A1,HOG_gen-02,015_A1_HOG_gen-02_TempControl-7psu,,7psu,TempControl,5,33.2,4,2,0.30,23.6,14.8,NA,NA,NA,NA,NA,6.9,24.9,NA,NA,NA,NA,0,NA,NA,NA,NA,NA,NA,NA,NA,NA,NA,NA,NA,NA,NA,NA,NA,NA,NA,NA,2.35,0.74,0.00,0.00,3.09,N,Y,TRUE,
16,A1,BAR_gen-02,016_A1_BAR_gen-02_TempControl-7psu,yes,7psu,TempControl,4,26.0,5,3,0.20,13.1,3.4,NA,NA,NA,NA,NA,18.1,9.7,16.8,NA,NA,NA,0,NA,NA,NA,NA,NA,NA,NA,NA,NA,NA,NA,NA,NA,NA,NA,NA,NA,NA,NA,1.47,0.32,0.00,0.00,1.79,N,Y,TRUE,
17,A1,VIK_gen-03,017_A1_VIK_gen-03_TempControl-21psu,,21psu,TempControl,4,40.0,5,3,0.45,4.9,13.8,NA,NA,NA,NA,NA,12.7,4.1,12.7,NA,NA,NA,1,2,14.9,10.1,NA,NA,NA,NA,NA,NA,NA,NA,NA,NA,NA,NA,NA,NA,NA,NA,2.11,0.64,0.13,0.00,2.88,N,Y,TRUE,
18,A1,HOG_gen-03,018_A1_HOG_gen-03_TempControl-21psu,,21psu,TempControl,5,41.5,6,3,0.25,0.5,28.1,10.8,NA,NA,NA,NA,22.4,3.2,32.5,NA,NA,NA,0,NA,NA,NA,NA,NA,NA,NA,NA,NA,NA,NA,NA,NA,NA,NA,NA,NA,NA,NA,1.89,0.99,0.00,0.00,2.88,N,Y,TRUE,
19,A1,VAT_gen-03,019_A1_VAT_gen-03_TempControl-21psu,,21psu,TempControl,5,48.0,6,3,0.40,0.1,27.3,8.8,NA,NA,NA,NA,34.6,40.3,12.0,NA,NA,NA,1,3,12.6,12.7,14.6,NA,NA,NA,NA,NA,NA,NA,NA,NA,NA,NA,NA,NA,NA,NA,4.89,2.58,0.36,0.00,7.83,Y,Y,TRUE,
20,A1,BJO_gen-03,020_A1_BJO_gen-03_TempControl-21psu,yes,21psu,TempControl,6,41.0,5,3,0.30,1.5,10.1,NA,NA,NA,NA,NA,40.5,12.9,36.8,NA,NA,NA,1,3,13.9,14.7,7.8,NA,NA,NA,NA,NA,NA,NA,NA,NA,NA,NA,NA,NA,NA,NA,2.70,1.40,0.14,0.00,4.24,N,Y,TRUE,"new shoot 1 has a hole on leaf2, growth to hole is 2.1"
21,A1,BAR_gen-03,021_A1_BAR_gen-03_TempControl-21psu,yes,21psu,TempControl,5,37.0,5,3,0.20,0.3,9.8,NA,NA,NA,NA,NA,27.4,4.6,24.7,NA,NA,NA,0,NA,NA,NA,NA,NA,NA,NA,NA,NA,NA,NA,NA,NA,NA,NA,NA,NA,NA,NA,0.80,0.58,0.00,0.00,1.38,N,Y,TRUE,
22,A1,KAL_gen-03,022_A1_KAL_gen-03_TempControl-21psu,yes,21psu,TempControl,4,51.8,6,4,0.40,2.1,15.0,NA,NA,NA,NA,NA,32.9,16.7,31.4,1.7,NA,NA,0,NA,NA,NA,NA,NA,NA,NA,NA,NA,NA,NA,NA,NA,NA,NA,NA,NA,NA,NA,1.41,1.30,0.00,0.00,2.71,N,Y,TRUE,
23,A1,HOR_gen-03,023_A1_HOR_gen-03_TempControl-21psu,,21psu,TempControl,5,31.5,5,2,0.30,1.5,34.0,12.6,NA,NA,NA,NA,12.1,32.6,NA,NA,NA,NA,0,NA,NA,NA,NA,NA,NA,NA,NA,NA,NA,NA,NA,NA,NA,NA,NA,NA,NA,NA,2.75,1.06,0.00,0.00,3.81,Y,Y,TRUE,
24,A1,KUR_gen-03,024_A1_KUR_gen-03_TempControl-21psu,absolutely yes,21psu,TempControl,5,15.4,4,2,0.20,12.7,1.5,NA,NA,NA,NA,NA,4.7,19.0,NA,NA,NA,NA,1,1,2.0,NA,NA,NA,NA,NA,NA,NA,NA,NA,NA,NA,NA,NA,NA,NA,NA,NA,1.02,0.19,0.01,0.00,1.22,N,Y,TRUE,
26,A1,HOG_gen-04,026_A1_HOG_gen-04_TempControl-7psu,,7psu,TempControl,5,33.4,5,3,0.45,3.7,13.7,NA,NA,NA,NA,NA,25.0,8.2,22.4,NA,NA,NA,1,5,15.6,6.5,14.5,8.0,0.1,NA,NA,NA,NA,NA,NA,NA,NA,NA,NA,NA,NA,NA,3.85,1.14,0.34,0.00,5.33,N,Y,TRUE,"new shoot 1 has a hole on leaf4, growth to hole is 7.8"
30,A1,KAL_gen-04,030_A1_KAL_gen-04_TempControl-7psu,,7psu,TempControl,5,67.9,2,0,0.35,1.0,2.8,NA,NA,NA,NA,NA,NA,NA,NA,NA,NA,NA,0,NA,NA,NA,NA,NA,NA,NA,NA,NA,NA,NA,NA,NA,NA,NA,NA,NA,NA,NA,0.90,0.80,0.00,0.00,1.70,N,Y,FALSE,(close to) DEAD
33,A2,VIK_gen-05,033_A2_VIK_gen-05_TempControl-21psu,,21psu,TempControl,4,44.2,4,3,0.40,8.4,NA,NA,NA,NA,NA,NA,21.5,8.0,20.0,NA,NA,NA,0,NA,NA,NA,NA,NA,NA,NA,NA,NA,NA,NA,NA,NA,NA,NA,NA,NA,NA,NA,3.05,0.86,0.00,0.00,3.91,N,Y,TRUE,
34,A2,VAT_gen-05,034_A2_VAT_gen-05_TempControl-21psu,,21psu,TempControl,4,50.5,5,3,0.50,13.5,6.4,NA,NA,NA,NA,NA,25.6,1.3,17.2,NA,NA,NA,1,4,9.2,8.2,1.2,12.3,NA,NA,NA,NA,NA,NA,NA,NA,NA,NA,NA,NA,NA,NA,3.40,1.90,0.26,0.00,5.56,N,Y,TRUE,
35,A2,HOR_gen-05,035_A2_HOR_gen-05_TempControl-21psu,,21psu,TempControl,5,44.5,4,2,0.30,0.0,8.3,NA,NA,NA,NA,NA,17.7,36.8,NA,NA,NA,NA,0,NA,NA,NA,NA,NA,NA,NA,NA,NA,NA,NA,NA,NA,NA,NA,NA,NA,NA,NA,1.32,1.24,0.00,0.00,2.56,Y,Y,TRUE,
36,A2,BJO_gen-05,036_A2_BJO_gen-05_TempControl-21psu,absolutely yes,21psu,TempControl,6,38.2,3,1,0.30,22.0,7.6,NA,NA,NA,NA,NA,19.6,NA,NA,NA,NA,NA,1,2,3.6,10.3,NA,NA,NA,NA,NA,NA,NA,NA,NA,NA,NA,NA,NA,NA,NA,NA,1.91,0.68,0.05,0.00,2.64,Y,Y,TRUE,"new shoot 1 has a hole on leaf2, growth to hole is 9.6 ; super baby leaf, too small to measure"
37,A2,KAL_gen-05,037_A2_KAL_gen-05_TempControl-21psu,,21psu,TempControl,6,69.1,6,3,0.40,5.0,55.3,26.0,NA,NA,NA,NA,9.6,38.3,54.9,8.6,NA,NA,1,4,12.6,15.7,4.8,14.0,NA,NA,NA,NA,NA,NA,NA,NA,NA,NA,NA,NA,NA,NA,2.02,2.46,0.20,0.00,4.68,N,Y,TRUE,
38,A2,BAR_gen-05,038_A2_BAR_gen-05_TempControl-21psu,,21psu,TempControl,4,39.5,3,2,0.30,14.7,NA,NA,NA,NA,NA,NA,8.6,34.6,NA,NA,NA,NA,1,1,4.9,NA,NA,NA,NA,NA,NA,NA,NA,NA,NA,NA,NA,NA,NA,NA,NA,NA,0.89,0.42,0.01,0.00,1.32,N,Y,TRUE,
39,A2,HOG_gen-05,039_A2_HOG_gen-05_TempControl-21psu,,21psu,TempControl,9,21.5,3,2,0.30,18.4,NA,NA,NA,NA,NA,NA,7.8,18.7,NA,NA,NA,NA,2,2,2.5,6.4,NA,NA,NA,NA,3,14.6,7.45,11.8,NA,NA,NA,NA,NA,NA,NA,NA,2.71,0.31,0.01,0.37,3.40,N,Y,TRUE,
40,A2,KUR_gen-05,040_A2_KUR_gen-05_TempControl-21psu,yes,21psu,TempControl,5,19.9,4,3,0.20,6.0,NA,NA,NA,NA,NA,NA,14.4,16.7,1.2,NA,NA,NA,0,NA,NA,NA,NA,NA,NA,NA,NA,NA,NA,NA,NA,NA,NA,NA,NA,NA,NA,NA,0.98,0.17,0.00,0.00,1.15,N,Y,TRUE,
42,A2,HOG_gen-06,042_A2_HOG_gen-06_TempControl-7psu,yes,7psu,TempControl,5,27.6,4,4,0.20,NA,NA,NA,NA,NA,NA,NA,15.5,0.6,10.5,16.1,NA,NA,0,NA,NA,NA,NA,NA,NA,NA,NA,NA,NA,NA,NA,NA,NA,NA,NA,NA,NA,NA,2.04,1.90,0.00,0.00,3.94,N,Y,TRUE,hole on rotten leaf
43,A2,BJO_gen-06,043_A2_BJO_gen-06_TempControl-7psu,yes,7psu,TempControl,5,42.5,4,2,0.25,12.5,4.4,NA,NA,NA,NA,NA,6.6,12.4,NA,NA,NA,NA,0,NA,NA,NA,NA,NA,NA,NA,NA,NA,NA,NA,NA,NA,NA,NA,NA,NA,NA,NA,2.46,0.32,0.00,0.00,2.78,N,Y,TRUE,
45,A2,BAR_gen-06,045_A2_BAR_gen-06_TempControl-7psu,yes,7psu,TempControl,4,66.0,5,3,0.30,3.3,13.6,NA,NA,NA,NA,NA,30.9,10.0,29.1,NA,NA,NA,1,2,2.5,3.5,NA,NA,NA,NA,NA,NA,NA,NA,NA,NA,NA,NA,NA,NA,NA,NA,2.20,1.06,0.02,0.00,3.28,N,Y,TRUE,
46,A2,VIK_gen-06,046_A2_VIK_gen-06_TempControl-7psu,,7psu,TempControl,5,46.6,0,0,NA,NA,NA,NA,NA,NA,NA,NA,NA,NA,NA,NA,NA,NA,1,4,11.0,8.9,10.1,13.0,NA,NA,NA,NA,NA,NA,NA,NA,NA,NA,NA,NA,NA,NA,2.27,0.00,1.30,0.00,3.57,N,Y,TRUE,"only side shoot was alive, main shoot was DEAD"
47,A2,KAL_gen-06,047_A2_KAL_gen-06_TempControl-7psu,,7psu,TempControl,4,65.8,5,3,0.45,36.0,13.0,NA,NA,NA,NA,NA,30.6,6.7,45.6,NA,NA,NA,1,3,11.7,4.2,13.1,NA,NA,NA,NA,NA,NA,NA,NA,NA,NA,NA,NA,NA,NA,NA,2.45,1.13,0.70,0.00,4.28,N,Y,TRUE,
48,A2,HOR_gen-06,048_A2_HOR_gen-06_TempControl-7psu,,7psu,TempControl,5,33.5,3,3,0.30,NA,NA,NA,NA,NA,NA,NA,14.0,5.8,13.9,NA,NA,NA,0,NA,NA,NA,NA,NA,NA,NA,NA,NA,NA,NA,NA,NA,NA,NA,NA,NA,NA,NA,0.97,0.21,0.00,0.00,1.18,Y,Y,TRUE,"very sad plant, mostly dead"
49,A2,HOG_gen-07,049_A2_HOG_gen-07_TempControl-21psu,,21psu,TempControl,5,50.0,5,3,0.20,16.0,4.7,NA,NA,NA,NA,NA,31.2,11.4,36.7,NA,NA,NA,0,NA,NA,NA,NA,NA,NA,NA,NA,NA,NA,NA,NA,NA,NA,NA,NA,NA,NA,NA,1.92,1.11,0.00,0.00,3.03,Y,Y,TRUE,
50,A2,BJO_gen-07,050_A2_BJO_gen-07_TempControl-21psu,yes,21psu,TempControl,4,34.0,4,2,0.35,19.9,4.9,NA,NA,NA,NA,NA,27.6,10.7,NA,NA,NA,NA,1,1,5.7,NA,NA,NA,NA,NA,NA,NA,NA,NA,NA,NA,NA,NA,NA,NA,NA,NA,1.62,0.69,0.07,0.00,2.38,N,Y,TRUE,
51,A2,HOR_gen-07,051_A2_HOR_gen-07_TempControl-21psu,,21psu,TempControl,5,36.8,5,2,0.40,7.2,20.8,0.0,NA,NA,NA,NA,26.1,18.9,NA,NA,NA,NA,1,3,13.3,4.7,14.7,NA,NA,NA,NA,NA,NA,NA,NA,NA,NA,NA,NA,NA,NA,NA,1.07,1.15,0.12,0.00,2.34,N,Y,TRUE,
52,A2,KAL_gen-07,052_A2_KAL_gen-07_TempControl-21psu,yes,21psu,TempControl,5,62.2,5,3,0.40,28.2,50.8,NA,NA,NA,NA,NA,36.2,8.6,6.5,NA,NA,NA,0,NA,NA,NA,NA,NA,NA,NA,NA,NA,NA,NA,NA,NA,NA,NA,NA,NA,NA,NA,1.48,1.17,0.00,0.00,2.65,N,Y,TRUE,
53,A2,VAT_gen-07,053_A2_VAT_gen-07_TempControl-21psu,absolutely yes,21psu,TempControl,5,35.3,4,2,0.40,32.0,14.7,NA,NA,NA,NA,NA,3.0,23.1,NA,NA,NA,NA,0,NA,NA,NA,NA,NA,NA,NA,NA,NA,NA,NA,NA,NA,NA,NA,NA,NA,NA,NA,2.85,1.33,0.00,0.00,4.18,N,Y,TRUE,
54,A2,KUR_gen-07,054_A2_KUR_gen-07_TempControl-21psu,,21psu,TempControl,4,24.5,4,2,0.25,3.1,14.8,NA,NA,NA,NA,NA,32.0,17.5,NA,NA,NA,NA,1,2,7.5,2.5,NA,NA,NA,NA,NA,NA,NA,NA,NA,NA,NA,NA,NA,NA,NA,NA,1.27,0.34,0.04,0.00,1.65,N,Y,TRUE,
55,A2,VIK_gen-07,055_A2_VIK_gen-07_TempControl-21psu,absolutely yes,21psu,TempControl,5,28.1,3,2,0.40,13.1,NA,NA,NA,NA,NA,NA,15.4,21.7,NA,NA,NA,NA,1,4,14.5,17.3,11.1,3.7,NA,NA,NA,NA,NA,NA,NA,NA,NA,NA,NA,NA,NA,NA,0.77,0.39,0.15,0.00,1.31,N,Y,TRUE,"new shoot 1 has a hole on leaf3, growth to hole is 10.5"
56,A2,BAR_gen-07,056_A2_BAR_gen-07_TempControl-21psu,yes,21psu,TempControl,4,36.0,5,2,0.30,0.0,25.8,8.0,NA,NA,NA,NA,25.6,5.3,NA,NA,NA,NA,1,1,10.7,NA,NA,NA,NA,NA,NA,NA,NA,NA,NA,NA,NA,NA,NA,NA,NA,NA,0.90,0.55,0.20,0.00,1.65,N,Y,TRUE,
57,A2,KUR_gen-08,057_A2_KUR_gen-08_TempControl-7psu,,7psu,TempControl,5,17.7,4,3,0.20,12.3,NA,NA,NA,NA,NA,NA,21.0,3.9,21.2,NA,NA,NA,0,NA,NA,NA,NA,NA,NA,NA,NA,NA,NA,NA,NA,NA,NA,NA,NA,NA,NA,NA,0.68,0.35,0.00,0.00,1.03,N,Y,TRUE,
58,A2,BJO_gen-08,058_A2_BJO_gen-08_TempControl-7psu,yes,7psu,TempControl,6,34.5,4,2,0.40,8.2,18.0,NA,NA,NA,NA,NA,18.5,10.0,NA,NA,NA,NA,2,4,14.5,7.4,13.8,13.8,NA,NA,3,9,1.9,8.8,NA,NA,NA,NA,NA,NA,NA,NA,2.04,0.64,0.20,0.09,2.97,N,Y,TRUE,
61,A2,VIK_gen-08,061_A2_VIK_gen-08_TempControl-7psu,,7psu,TempControl,4,30.9,4,3,0.35,12.1,NA,NA,NA,NA,NA,NA,11.3,6.5,1.5,NA,NA,NA,1,2,4.6,5.5,NA,NA,NA,NA,NA,NA,NA,NA,NA,NA,NA,NA,NA,NA,NA,NA,0.28,0.29,0.03,0.00,0.60,N,Y,TRUE,
65,A3,VIK_gen-09,065_A3_VIK_gen-09_TempWarm-16psu,,16psu,TempWarm,4,35.2,4,3,0.40,8.9,NA,NA,NA,NA,NA,NA,13.8,5.8,11.0,NA,NA,NA,0,NA,NA,NA,NA,NA,NA,NA,NA,NA,NA,NA,NA,NA,NA,NA,NA,NA,NA,NA,1.19,0.84,0.00,0.00,2.03,N,Y,TRUE,
67,A3,HOG_gen-09,067_A3_HOG_gen-09_TempWarm-16psu,,16psu,TempWarm,5,37.5,3,2,0.30,18.4,NA,NA,NA,NA,NA,NA,15.5,2.4,NA,NA,NA,NA,0,NA,NA,NA,NA,NA,NA,NA,NA,NA,NA,NA,NA,NA,NA,NA,NA,NA,NA,NA,1.90,0.34,0.00,0.00,2.24,N,Y,TRUE,
68,A3,KUR_gen-09,068_A3_KUR_gen-09_TempWarm-16psu,yes,16psu,TempWarm,6,30.3,4,2,0.25,14.8,6.5,NA,NA,NA,NA,NA,2.0,12.3,NA,NA,NA,NA,1,4,8.0,10.5,5.7,10.4,NA,NA,NA,NA,NA,NA,NA,NA,NA,NA,NA,NA,NA,NA,1.06,0.32,0.08,0.00,1.46,N,Y,TRUE,
69,A3,BJO_gen-09,069_A3_BJO_gen-09_TempWarm-16psu,,16psu,TempWarm,6,36.7,3,2,0.30,21.0,NA,NA,NA,NA,NA,NA,4.7,17.4,NA,NA,NA,NA,1,3,10.5,2.1,12.2,NA,NA,NA,NA,NA,NA,NA,NA,NA,NA,NA,NA,NA,NA,NA,1.70,0.29,0.05,0.00,2.04,N,Y,TRUE,"new shoot 1 has a hole on leaf3, growth to hole is 8.5"
70,A3,BAR_gen-09,070_A3_BAR_gen-09_TempWarm-16psu,absolutely yes,16psu,TempWarm,4,45.7,0,NA,NA,NA,NA,NA,NA,NA,NA,NA,NA,NA,NA,NA,NA,NA,0,NA,NA,NA,NA,NA,NA,NA,NA,NA,NA,NA,NA,NA,NA,NA,NA,NA,NA,NA,0.00,0.00,0.00,0.00,0.00,NA,NA,FALSE,DEAD
72,A3,HOR_gen-09,072_A3_HOR_gen-09_TempWarm-16psu,absolutely yes,16psu,TempWarm,5,32.0,4,3,0.30,5.9,NA,NA,NA,NA,NA,NA,20.1,9.6,24.2,NA,NA,NA,0,NA,NA,NA,NA,NA,NA,NA,NA,NA,NA,NA,NA,NA,NA,NA,NA,NA,NA,NA,1.08,0.57,0.00,0.00,1.65,N,Y,TRUE,"super baby leaf, too small to measure"
77,A3,VIK_gen-10,077_A3_VIK_gen-10_TempWarm-5psu,yes,5psu,TempWarm,5,53.0,0,NA,NA,NA,NA,NA,NA,NA,NA,NA,NA,NA,NA,NA,NA,NA,0,NA,NA,NA,NA,NA,NA,NA,NA,NA,NA,NA,NA,NA,NA,NA,NA,NA,NA,NA,0.00,0.00,0.00,0.00,0.00,NA,NA,FALSE,DEAD
80,A3,HOG_gen-10,080_A3_HOG_gen-10_TempWarm-5psu,yes,5psu,TempWarm,5,45.2,0,NA,NA,NA,NA,NA,NA,NA,NA,NA,NA,NA,NA,NA,NA,NA,0,NA,NA,NA,NA,NA,NA,NA,NA,NA,NA,NA,NA,NA,NA,NA,NA,NA,NA,NA,0.00,0.00,0.00,0.00,0.00,NA,NA,FALSE,DEAD
81,A3,KAL_gen-11,081_A3_KAL_gen-11_TempWarm-16psu,,16psu,TempWarm,5,58.3,5,3,0.50,9.5,29.5,NA,NA,NA,NA,NA,39.8,5.9,24.3,NA,NA,NA,1,2,2.9,8.4,NA,NA,NA,NA,NA,NA,NA,NA,NA,NA,NA,NA,NA,NA,NA,NA,1.24,1.40,0.00,0.00,2.64,N,Y,TRUE,missing new shoot weight
82,A3,BJO_gen-11,082_A3_BJO_gen-11_TempWarm-16psu,absolutely yes,16psu,TempWarm,6,35.0,0,NA,NA,NA,NA,NA,NA,NA,NA,NA,NA,NA,NA,NA,NA,NA,0,NA,NA,NA,NA,NA,NA,NA,NA,NA,NA,NA,NA,NA,NA,NA,NA,NA,NA,NA,0.00,0.00,0.00,0.00,0.00,NA,NA,FALSE,DEAD
83,A3,BAR_gen-11,083_A3_BAR_gen-11_TempWarm-16psu,yes,16psu,TempWarm,5,37.0,4,3,0.30,4.7,12.4,NA,NA,NA,NA,NA,17.5,9.5,NA,NA,NA,NA,0,NA,NA,NA,NA,NA,NA,NA,NA,NA,NA,NA,NA,NA,NA,NA,NA,NA,NA,NA,1.29,0.81,0.00,0.00,2.10,N,Y,TRUE,"super baby leaf, too small to measure"
84,A3,HOR_gen-11,084_A3_HOR_gen-11_TempWarm-16psu,,16psu,TempWarm,4,44.0,5,2,0.30,34.7,14.5,0.2,NA,NA,NA,NA,14.4,34.9,NA,NA,NA,NA,1,3,13.5,8.3,7.9,NA,NA,NA,NA,NA,NA,NA,NA,NA,NA,NA,NA,NA,NA,NA,1.21,0.66,0.52,0.00,2.39,N,Y,TRUE,new shoot leaf3 was broken on the end
85,A3,HOG_gen-11,085_A3_HOG_gen-11_TempWarm-16psu,,16psu,TempWarm,7,43.6,5,3,0.35,3.5,18.8,NA,NA,NA,NA,NA,29.4,18.1,2.3,NA,NA,NA,0,NA,NA,NA,NA,NA,NA,NA,NA,NA,NA,NA,NA,NA,NA,NA,NA,NA,NA,NA,1.58,0.45,0.00,0.00,2.03,Y,Y,TRUE,
86,A3,VIK_gen-11,086_A3_VIK_gen-11_TempWarm-16psu,yes,16psu,TempWarm,4,24.6,4,3,0.40,12.6,NA,NA,NA,NA,NA,NA,12.6,6.7,14.8,NA,NA,NA,0,NA,NA,NA,NA,NA,NA,NA,NA,NA,NA,NA,NA,NA,NA,NA,NA,NA,NA,NA,1.32,0.45,0.00,0.00,1.77,N,Y,TRUE,"super baby leaf, too small to measure"
87,A3,VAT_gen-11,087_A3_VAT_gen-11_TempWarm-16psu,yes,16psu,TempWarm,5,54.0,0,NA,NA,NA,NA,NA,NA,NA,NA,NA,NA,NA,NA,NA,NA,NA,0,NA,NA,NA,NA,NA,NA,NA,NA,NA,NA,NA,NA,NA,NA,NA,NA,NA,NA,NA,0.00,0.00,0.00,0.00,0.00,NA,NA,FALSE,DEAD
88,A3,KUR_gen-11,088_A3_KUR_gen-11_TempWarm-16psu,,16psu,TempWarm,4,23.0,5,3,0.25,21.4,4.8,NA,NA,NA,NA,NA,24.6,7.6,30.2,NA,NA,NA,0,NA,NA,NA,NA,NA,NA,NA,NA,NA,NA,NA,NA,NA,NA,NA,NA,NA,NA,NA,1.70,0.65,0.00,0.00,2.35,N,Y,TRUE,
90,A3,BAR_gen-12,090_A3_BAR_gen-12_TempWarm-5psu,,5psu,TempWarm,6,38.0,3,2,0.20,8.2,NA,NA,NA,NA,NA,NA,3.9,11.7,NA,NA,NA,NA,0,NA,NA,NA,NA,NA,NA,NA,NA,NA,NA,NA,NA,NA,NA,NA,NA,NA,NA,NA,1.25,0.13,0.00,0.00,1.38,N,Y,TRUE,"super baby leaf, too small to measure"
97,A4,HOG_gen-13,097_A4_HOG_gen-13_TempWarm-16psu,,16psu,TempWarm,6,31.3,4,3,0.30,16.5,NA,NA,NA,NA,NA,NA,21.2,7.2,26.9,NA,NA,NA,0,NA,NA,NA,NA,NA,NA,NA,NA,NA,NA,NA,NA,NA,NA,NA,NA,NA,NA,NA,1.61,0.70,0.00,0.00,2.31,N,Y,TRUE,
98,A4,BJO_gen-13,098_A4_BJO_gen-13_TempWarm-16psu,,16psu,TempWarm,4,61.2,3,1,0.30,21.9,11.0,NA,NA,NA,NA,NA,11.7,NA,NA,NA,NA,NA,0,NA,NA,NA,NA,NA,NA,NA,NA,NA,NA,NA,NA,NA,NA,NA,NA,NA,NA,NA,1.89,0.53,0.00,0.00,2.42,N,Y,TRUE,"super baby leaf, too small to measure"
100,A4,BAR_gen-13,100_A4_BAR_gen-13_TempWarm-16psu,yes,16psu,TempWarm,4,33.0,0,NA,NA,NA,NA,NA,NA,NA,NA,NA,NA,NA,NA,NA,NA,NA,1,3,0.3,1.4,7.1,NA,NA,NA,NA,NA,NA,NA,NA,NA,NA,NA,NA,NA,NA,NA,1.32,0.00,0.03,0.00,1.35,N,Y,TRUE,"main shoot was dead, side shoot still alive"
101,A4,VIK_gen-13,101_A4_VIK_gen-13_TempWarm-16psu,,16psu,TempWarm,5,46.4,4,3,0.40,NA,NA,NA,NA,NA,NA,NA,29.6,10.1,21.9,0.20,NA,NA,0,NA,NA,NA,NA,NA,NA,NA,NA,NA,NA,NA,NA,NA,NA,NA,NA,NA,NA,NA,1.75,0.81,0.00,0.00,2.56,N,Y,TRUE,no hole
102,A4,HOR_gen-13,102_A4_HOR_gen-13_TempWarm-16psu,yes,16psu,TempWarm,5,23.5,4,3,0.30,0.4,NA,NA,NA,NA,NA,NA,22.6,5.8,20.0,NA,NA,NA,0,NA,NA,NA,NA,NA,NA,NA,NA,NA,NA,NA,NA,NA,NA,NA,NA,NA,NA,NA,0.81,0.13,0.00,0.00,0.94,N,Y,TRUE,
112,A4,HOG_gen-14,112_A4_HOG_gen-14_TempWarm-5psu,,5psu,TempWarm,5,41.5,0,NA,NA,NA,NA,NA,NA,NA,NA,NA,NA,NA,NA,NA,NA,NA,0,NA,NA,NA,NA,NA,NA,NA,NA,NA,NA,NA,NA,NA,NA,NA,NA,NA,NA,NA,0.00,0.00,0.00,0.00,0.00,NA,NA,FALSE,DEAD
113,A4,KAL_gen-15,113_A4_KAL_gen-15_TempWarm-16psu,,16psu,TempWarm,4,35.5,5,2,0.30,35.1,13.9,NA,NA,NA,NA,NA,20.1,34.1,1.0,NA,NA,NA,0,NA,NA,NA,NA,NA,NA,NA,NA,NA,NA,NA,NA,NA,NA,NA,NA,NA,NA,NA,0.67,0.80,0.00,0.00,1.47,N,Y,TRUE,
114,A4,BAR_gen-15,114_A4_BAR_gen-15_TempWarm-16psu,yes,16psu,TempWarm,5,35.0,3,2,0.25,12.6,NA,NA,NA,NA,NA,NA,14.6,2.1,NA,NA,NA,NA,0,NA,NA,NA,NA,NA,NA,NA,NA,NA,NA,NA,NA,NA,NA,NA,NA,NA,NA,NA,0.77,0.17,0.00,0.00,0.94,N,Y,TRUE,
115,A4,KUR_gen-15,115_A4_KUR_gen-15_TempWarm-16psu,absolutely yes,16psu,TempWarm,5,15.0,3,2,0.30,13.8,NA,NA,NA,NA,NA,NA,2.8,14.7,NA,NA,NA,NA,1,1,6.6,NA,NA,NA,NA,NA,NA,NA,NA,NA,NA,NA,NA,NA,NA,NA,NA,NA,0.37,0.12,0.01,0.00,0.50,N,Y,TRUE,
117,A4,HOG_gen-15,117_A4_HOG_gen-15_TempWarm-16psu,,16psu,TempWarm,6,32.6,4,3,0.30,16.9,NA,NA,NA,NA,NA,NA,32.9,6.9,23.4,NA,NA,NA,0,NA,NA,NA,NA,NA,NA,NA,NA,NA,NA,NA,NA,NA,NA,NA,NA,NA,NA,NA,0.97,0.66,0.00,0.00,1.63,N,Y,TRUE,
118,A4,BJO_gen-15,118_A4_BJO_gen-15_TempWarm-16psu,yes,16psu,TempWarm,5,31.5,0,NA,NA,NA,NA,NA,NA,NA,NA,NA,NA,NA,NA,NA,NA,NA,0,NA,NA,NA,NA,NA,NA,NA,NA,NA,NA,NA,NA,NA,NA,NA,NA,NA,NA,NA,0.00,0.00,0.00,0.00,0.00,NA,NA,FALSE,DEAD
120,A4,VIK_gen-15,120_A4_VIK_gen-15_TempWarm-16psu,,16psu,TempWarm,4,21.5,3,2,0.30,15.2,NA,NA,NA,NA,NA,NA,8.1,15.1,NA,NA,NA,NA,0,NA,NA,NA,NA,NA,NA,NA,NA,NA,NA,NA,NA,NA,NA,NA,NA,NA,NA,NA,0.76,0.27,0.00,0.00,1.03,N,Y,TRUE,"super baby leaf, too small to measure"
124,A4,HOG_gen-16,124_A4_HOG_gen-16_TempWarm-5psu,,5psu,TempWarm,5,51.3,4,2,0.35,24.0,10.2,NA,NA,NA,NA,NA,25.5,8.0,NA,NA,NA,NA,0,NA,NA,NA,NA,NA,NA,NA,NA,NA,NA,NA,NA,NA,NA,NA,NA,NA,NA,NA,1.37,0.97,0.00,0.00,2.34,N,Y,TRUE,starting to rot from meristem
126,A4,KAL_gen-16,126_A4_KAL_gen-16_TempWarm-5psu,,5psu,TempWarm,5,78.8,4,2,0.40,20.2,NA,NA,NA,NA,NA,NA,27.5,13.7,1.5,NA,NA,NA,0,NA,NA,NA,NA,NA,NA,NA,NA,NA,NA,NA,NA,NA,NA,NA,NA,NA,NA,NA,1.09,0.54,0.00,0.00,1.63,N,Y,TRUE,
131,B1,HOR_gen-17,131_B1_HOR_gen-17_TempWarm-16psu,,16psu,TempWarm,5,32.0,3,2,0.30,19.2,NA,NA,NA,NA,NA,NA,11.8,1.9,NA,NA,NA,NA,1,3,13.7,6.1,11.8,NA,NA,NA,NA,NA,NA,NA,NA,NA,NA,NA,NA,NA,NA,NA,1.30,0.18,0.09,0.00,1.57,N,Y,TRUE,
133,B1,BJO_gen-17,133_B1_BJO_gen-17_TempWarm-16psu,yes,16psu,TempWarm,4,29.7,4,2,0.35,2.5,11.7,NA,NA,NA,NA,NA,9.4,0.5,NA,NA,NA,NA,0,NA,NA,NA,NA,NA,NA,NA,NA,NA,NA,NA,NA,NA,NA,NA,NA,NA,NA,NA,1.56,0.31,0.00,0.00,1.87,Y,Y,TRUE,
134,B1,KAL_gen-17,134_B1_KAL_gen-17_TempWarm-16psu,,16psu,TempWarm,5,73.8,5,3,0.40,12.6,37.7,NA,NA,NA,NA,NA,45.0,7.1,29.5,NA,NA,NA,0,NA,NA,NA,NA,NA,NA,NA,NA,NA,NA,NA,NA,NA,NA,NA,NA,NA,NA,NA,1.73,1.22,0.00,0.00,2.95,N,Y,TRUE,
135,B1,VIK_gen-17,135_B1_VIK_gen-17_TempWarm-16psu,,16psu,TempWarm,4,32.1,0,NA,NA,NA,NA,NA,NA,NA,NA,NA,NA,NA,NA,NA,NA,NA,1,1,0.2,NA,NA,NA,NA,NA,NA,NA,NA,NA,NA,NA,16.6,NA,4,10.5,3.5,14.5,0.67,0.25,0.01,0.00,0.93,N,Y,TRUE,FLOWERING ; side shoot is broken off
136,B1,KUR_gen-17,136_B1_KUR_gen-17_TempWarm-16psu,,16psu,TempWarm,5,18.3,0,NA,NA,NA,NA,NA,NA,NA,NA,NA,NA,NA,NA,NA,NA,NA,0,NA,NA,NA,NA,NA,NA,NA,NA,NA,NA,NA,NA,NA,NA,NA,NA,NA,NA,NA,0.00,0.00,0.00,0.00,0.00,NA,NA,FALSE,DEAD
145,B1,BJO_gen-19,145_B1_BJO_gen-19_TempWarm-16psu,yes,16psu,TempWarm,5,29.7,0,NA,NA,NA,NA,NA,NA,NA,NA,NA,NA,NA,NA,NA,NA,NA,0,NA,NA,NA,NA,NA,NA,NA,NA,NA,NA,NA,NA,NA,NA,NA,NA,NA,NA,NA,0.00,0.00,0.00,0.00,0.00,NA,NA,FALSE,DEAD
146,B1,VIK_gen-19,146_B1_VIK_gen-19_TempWarm-16psu,,16psu,TempWarm,4,28.8,4,3,0.35,12.5,NA,NA,NA,NA,NA,NA,13.4,5.9,16.1,NA,NA,NA,0,NA,NA,NA,NA,NA,NA,NA,NA,NA,NA,NA,NA,NA,NA,NA,NA,NA,NA,NA,1.09,0.43,0.00,0.00,1.52,N,Y,TRUE,"super baby leaf, too small to measure"
147,B1,KUR_gen-19,147_B1_KUR_gen-19_TempWarm-16psu,,16psu,TempWarm,5,22.7,4,3,0.20,13.5,NA,NA,NA,NA,NA,NA,15.2,0.9,9.9,NA,NA,NA,0,NA,NA,NA,NA,NA,NA,NA,NA,NA,NA,NA,NA,NA,NA,NA,NA,NA,NA,NA,0.83,0.19,0.00,0.00,1.02,Y,Y,TRUE,
148,B1,KAL_gen-19,148_B1_KAL_gen-19_TempWarm-16psu,,16psu,TempWarm,4,81.6,6,3,0.35,5.2,25.0,36.0,NA,NA,NA,NA,40.6,20.0,1.5,NA,NA,NA,0,NA,NA,NA,NA,NA,NA,NA,NA,NA,NA,NA,NA,NA,NA,NA,NA,NA,NA,NA,1.18,1.65,0.00,0.00,2.83,N,Y,TRUE,leaves have been eaten
150,B1,HOR_gen-19,150_B1_HOR_gen-19_TempWarm-16psu,,16psu,TempWarm,5,35.0,4,3,0.30,17.5,NA,NA,NA,NA,NA,NA,32.8,13.5,0.2,NA,NA,NA,0,NA,NA,NA,NA,NA,NA,NA,NA,NA,NA,NA,NA,NA,NA,NA,NA,NA,NA,NA,0.88,0.45,0.00,0.00,1.33,N,Y,TRUE,
151,B1,HOG_gen-19,151_B1_HOG_gen-19_TempWarm-16psu,,16psu,TempWarm,5,42.0,4,3,0.30,21.6,NA,NA,NA,NA,NA,NA,23.6,8.4,32.5,NA,NA,NA,0,NA,NA,NA,NA,NA,NA,NA,NA,NA,NA,NA,NA,NA,NA,NA,NA,NA,NA,NA,1.74,0.87,0.00,0.00,2.61,N,Y,TRUE,
152,B1,VAT_gen-19,152_B1_VAT_gen-19_TempWarm-16psu,,16psu,TempWarm,5,51.0,4,3,0.55,19.0,NA,NA,NA,NA,NA,NA,20.6,7.1,27.2,NA,NA,NA,0,NA,NA,NA,NA,NA,NA,NA,NA,NA,NA,NA,NA,NA,NA,NA,NA,NA,NA,NA,2.72,1.63,0.00,0.00,4.35,Y,Y,TRUE,
161,B2,BAR_gen-21,161_B2_BAR_gen-21_TempWarm-16psu,,16psu,TempWarm,4,39.5,4,2,0.30,22.8,7.5,NA,NA,NA,NA,NA,5.6,27.6,NA,NA,NA,NA,1,2,3.6,13.4,NA,NA,NA,NA,NA,NA,NA,NA,NA,NA,NA,NA,NA,NA,NA,NA,1.07,0.45,0.04,0.00,1.56,N,Y,TRUE,
162,B2,HOG_gen-21,162_B2_HOG_gen-21_TempWarm-16psu,,16psu,TempWarm,5,49.0,4,3,0.20,12.1,NA,NA,NA,NA,NA,NA,17.4,2.5,10.0,NA,NA,NA,0,NA,NA,NA,NA,NA,NA,NA,NA,NA,NA,NA,NA,NA,NA,NA,NA,NA,NA,NA,1.45,0.39,0.00,0.00,1.84,N,Y,TRUE,
165,B2,VIK_gen-21,165_B2_VIK_gen-21_TempWarm-16psu,,16psu,TempWarm,4,30.8,4,4,0.40,NA,NA,NA,NA,NA,NA,NA,15.6,2.0,11.8,18.0,NA,NA,0,NA,NA,NA,NA,NA,NA,NA,NA,NA,NA,NA,NA,NA,NA,NA,NA,NA,NA,NA,1.24,0.50,0.00,0.00,1.74,N,Y,TRUE,
166,B2,KUR_gen-21,166_B2_KUR_gen-21_TempWarm-16psu,absolutely yes,16psu,TempWarm,5,13.8,4,2,0.20,14.7,5.5,NA,NA,NA,NA,NA,11.9,1.7,NA,NA,NA,NA,1,2,8.6,8.4,NA,NA,NA,NA,NA,NA,NA,NA,NA,NA,NA,NA,NA,NA,NA,NA,0.69,0.14,0.04,0.00,0.87,N,Y,TRUE,
168,B2,HOR_gen-21,168_B2_HOR_gen-21_TempWarm-16psu,,16psu,TempWarm,5,40.7,0,NA,NA,NA,NA,NA,NA,NA,NA,NA,NA,NA,NA,NA,NA,NA,0,NA,NA,NA,NA,NA,NA,NA,NA,NA,NA,NA,NA,NA,NA,NA,NA,NA,NA,NA,0.00,0.00,0.00,0.00,0.00,NA,NA,FALSE,DEAD
169,B2,KAL_gen-22,169_B2_KAL_gen-22_TempWarm-5psu,,5psu,TempWarm,5,51.4,0,NA,NA,NA,NA,NA,NA,NA,NA,NA,NA,NA,NA,NA,NA,NA,0,NA,NA,NA,NA,NA,NA,NA,NA,NA,NA,NA,NA,NA,NA,NA,NA,NA,NA,NA,0.00,0.00,0.00,0.00,0.00,NA,NA,FALSE,DEAD
176,B2,HOG_gen-22,176_B2_HOG_gen-22_TempWarm-5psu,,5psu,TempWarm,5,33.7,0,NA,NA,NA,NA,NA,NA,NA,NA,NA,NA,NA,NA,NA,NA,NA,0,NA,NA,NA,NA,NA,NA,NA,NA,NA,NA,NA,NA,NA,NA,NA,NA,NA,NA,NA,0.00,0.00,0.00,0.00,0.00,NA,NA,FALSE,DEAD
177,B2,KAL_gen-23,177_B2_KAL_gen-23_TempWarm-16psu,absolutely yes,16psu,TempWarm,4,46.0,4,1,0.40,2.0,NA,NA,NA,NA,NA,NA,30.2,NA,NA,NA,NA,NA,0,NA,NA,NA,NA,NA,NA,NA,NA,NA,NA,NA,NA,NA,NA,NA,NA,NA,NA,NA,1.17,0.62,0.00,0.00,1.79,N,Y,TRUE,leaves have been eaten; 2 leaves too eaten to measure
178,B2,HOG_gen-23,178_B2_HOG_gen-23_TempWarm-16psu,yes,16psu,TempWarm,5,19.4,3,2,0.30,17.7,NA,NA,NA,NA,NA,NA,5.6,15.5,NA,NA,NA,NA,0,NA,NA,NA,NA,NA,NA,NA,NA,NA,NA,NA,NA,NA,NA,NA,NA,NA,NA,NA,1.66,0.30,0.00,0.00,1.96,N,Y,TRUE,
179,B2,BJO_gen-23,179_B2_BJO_gen-23_TempWarm-16psu,yes,16psu,TempWarm,6,21.2,0,NA,NA,NA,NA,NA,NA,NA,NA,NA,NA,NA,NA,NA,NA,NA,0,NA,NA,NA,NA,NA,NA,NA,NA,NA,NA,NA,NA,NA,NA,NA,NA,NA,NA,NA,0.00,0.00,0.00,0.00,0.00,NA,NA,FALSE,DEAD
180,B2,KUR_gen-23,180_B2_KUR_gen-23_TempWarm-16psu,yes,16psu,TempWarm,5,19.2,0,NA,NA,NA,NA,NA,NA,NA,NA,NA,NA,NA,NA,NA,NA,NA,0,NA,NA,NA,NA,NA,NA,NA,NA,NA,NA,NA,NA,NA,NA,NA,NA,NA,NA,NA,0.00,0.00,0.00,0.00,0.00,NA,NA,FALSE,DEAD
181,B2,VIK_gen-23,181_B2_VIK_gen-23_TempWarm-16psu,yes,16psu,TempWarm,4,14.0,3,3,0.30,NA,NA,NA,NA,NA,NA,NA,9.9,0.7,14.4,NA,NA,NA,0,NA,NA,NA,NA,NA,NA,NA,NA,NA,NA,NA,NA,NA,NA,NA,NA,NA,NA,NA,0.29,0.09,0.00,0.00,0.38,N,Y,TRUE,
182,B2,BAR_gen-23,182_B2_BAR_gen-23_TempWarm-16psu,yes,16psu,TempWarm,4,37.0,0,NA,NA,NA,NA,NA,NA,NA,NA,NA,NA,NA,NA,NA,NA,NA,0,NA,NA,NA,NA,NA,NA,NA,NA,NA,NA,NA,NA,NA,NA,NA,NA,NA,NA,NA,0.00,0.00,0.00,0.00,0.00,NA,NA,FALSE,DEAD
183,B2,HOR_gen-23,183_B2_HOR_gen-23_TempWarm-16psu,,16psu,TempWarm,5,55.7,4,2,0.35,28.0,12.8,NA,NA,NA,NA,NA,34.3,4.9,NA,NA,NA,NA,0,NA,NA,NA,NA,NA,NA,NA,NA,NA,NA,NA,NA,NA,NA,NA,NA,NA,NA,NA,2.48,1.59,0.00,0.00,4.07,Y,Y,TRUE,
184,B2,VAT_gen-23,184_B2_VAT_gen-23_TempWarm-16psu,,16psu,TempWarm,6,29.5,5,2,0.40,2.8,22.4,12.1,NA,NA,NA,NA,7.0,16.9,NA,NA,NA,NA,0,NA,NA,NA,NA,NA,NA,NA,NA,NA,NA,NA,NA,NA,NA,NA,NA,NA,NA,NA,1.36,1.06,0.00,0.00,2.42,N,NA,TRUE,
191,B2,HOG_gen-24,191_B2_HOG_gen-24_TempWarm-5psu,,5psu,TempWarm,5,33.7,0,NA,NA,NA,NA,NA,NA,NA,NA,NA,NA,NA,NA,NA,NA,NA,0,NA,NA,NA,NA,NA,NA,NA,NA,NA,NA,NA,NA,NA,NA,NA,NA,NA,NA,NA,0.00,0.00,0.00,0.00,0.00,NA,NA,FALSE,DEAD
193,B3,HOR_gen-25,193_B3_HOR_gen-25_TempWarm-16psu,yes,16psu,TempWarm,5,27.1,4,2,0.30,17.0,5.6,NA,NA,NA,NA,NA,21.8,9.3,NA,NA,NA,NA,0,NA,NA,NA,NA,NA,NA,NA,NA,NA,NA,NA,NA,NA,NA,NA,NA,NA,NA,NA,1.11,0.45,0.00,0.00,1.56,N,Y,TRUE,
196,B3,KAL_gen-25,196_B3_KAL_gen-25_TempWarm-16psu,,16psu,TempWarm,5,52.5,4,2,0.40,7.6,35.0,NA,NA,NA,NA,NA,37.9,12.8,NA,NA,NA,NA,0,NA,NA,NA,NA,NA,NA,NA,NA,NA,NA,NA,NA,NA,NA,NA,NA,NA,NA,NA,1.26,0.95,0.00,0.00,2.21,Y,Y,TRUE,
197,B3,BAR_gen-25,197_B3_BAR_gen-25_TempWarm-16psu,yes,16psu,TempWarm,4,33.7,3,2,0.30,13.6,NA,NA,NA,NA,NA,NA,33.0,19.1,NA,NA,NA,NA,1,2,5.8,2.5,NA,NA,NA,NA,NA,NA,NA,NA,NA,NA,NA,NA,NA,NA,NA,NA,1.15,0.39,0.03,0.00,1.57,N,Y,TRUE,had side shoot but it was rotten from meristem - this shoot leaf1 had a hole at 5
198,B3,VIK_gen-25,198_B3_VIK_gen-25_TempWarm-16psu,yes,16psu,TempWarm,4,12.5,0,NA,NA,NA,NA,NA,NA,NA,NA,NA,NA,NA,NA,NA,NA,NA,2,2,7.3,5.2,1.0,NA,NA,NA,1,1,3.5,NA,NA,NA,NA,NA,NA,NA,NA,NA,0.36,0.00,0.01,0.09,0.46,N,Y,TRUE,"main shoot was dead, side shoot still alive"
199,B3,HOG_gen-25,199_B3_HOG_gen-25_TempWarm-16psu,,16psu,TempWarm,6,71.7,0,NA,NA,NA,NA,NA,NA,NA,NA,NA,NA,NA,NA,NA,NA,NA,0,NA,NA,NA,NA,NA,NA,NA,NA,NA,NA,NA,NA,NA,NA,NA,NA,NA,NA,NA,0.00,0.00,0.00,0.00,0.00,NA,NA,FALSE,DEAD
209,B3,VIK_gen-27,209_B3_VIK_gen-27_TempWarm-16psu,absolutely yes,16psu,TempWarm,4,13.5,4,4,0.30,NA,NA,NA,NA,NA,NA,NA,11.7,11.6,15.0,2.4,NA,NA,0,NA,NA,NA,NA,NA,NA,NA,NA,NA,NA,NA,NA,NA,NA,NA,NA,NA,NA,NA,0.18,0.20,0.00,0.00,0.38,N,Y,TRUE,
210,B3,BAR_gen-27,210_B3_BAR_gen-27_TempWarm-16psu,yes,16psu,TempWarm,5,38.1,4,2,0.30,10.0,22.0,NA,NA,NA,NA,NA,12.5,3.4,NA,NA,NA,NA,1,2,8.3,14.5,NA,NA,NA,NA,NA,NA,NA,NA,NA,NA,NA,NA,NA,NA,NA,NA,0.98,0.47,0.11,0.00,1.56,N,Y,TRUE,
211,B3,HOG_gen-27,211_B3_HOG_gen-27_TempWarm-16psu,yes,16psu,TempWarm,5,36.5,4,4,0.30,NA,NA,NA,NA,NA,NA,NA,10.6,5.6,13.8,0.7,NA,NA,0,NA,NA,NA,NA,NA,NA,NA,NA,NA,NA,NA,NA,NA,NA,NA,NA,NA,NA,NA,1.67,0.29,0.00,0.00,1.96,N,Y,TRUE,
212,B3,KUR_gen-27,212_B3_KUR_gen-27_TempWarm-16psu,,16psu,TempWarm,4,24.7,0,NA,NA,NA,NA,NA,NA,NA,NA,NA,NA,NA,NA,NA,NA,NA,0,NA,NA,NA,NA,NA,NA,NA,NA,NA,NA,NA,NA,NA,NA,NA,NA,NA,NA,NA,0.00,0.00,0.00,0.00,0.00,NA,NA,FALSE,DEAD
214,B3,KAL_gen-27,214_B3_KAL_gen-27_TempWarm-16psu,,16psu,TempWarm,6,59.0,5,3,0.40,22.0,36.5,NA,NA,NA,NA,NA,33.0,13.5,0.8,NA,NA,NA,0,NA,NA,NA,NA,NA,NA,NA,NA,NA,NA,NA,NA,NA,NA,NA,NA,NA,NA,NA,2.77,1.19,0.00,0.00,3.96,N,Y,TRUE,
215,B3,HOR_gen-27,215_B3_HOR_gen-27_TempWarm-16psu,,16psu,TempWarm,5,40.2,0,NA,NA,NA,NA,NA,NA,NA,NA,NA,NA,NA,NA,NA,NA,NA,1,4,17.0,10.6,14.8,3.1,NA,NA,NA,NA,NA,NA,NA,NA,NA,NA,NA,NA,NA,NA,1.48,0.00,0.24,0.00,1.72,N,Y,TRUE,"main shoot was dead, side shoot still alive ; side shoot had hole on one of the dead leaves"
216,B3,VAT_gen-27,216_B3_VAT_gen-27_TempWarm-16psu,,16psu,TempWarm,5,45.0,0,NA,NA,NA,NA,NA,NA,NA,NA,NA,NA,NA,NA,NA,NA,NA,1,4,11.9,8.7,9.3,0.6,NA,NA,NA,NA,NA,NA,NA,NA,NA,NA,NA,NA,NA,NA,2.98,0.00,0.19,0.00,0.00,N,Y,TRUE,"main shoot was dead, side shoot still alive ; new shoot 1 has a hole on leaf1, growth to hole is 2.5; new shoot 1 has a hole on leaf3, growth to hole is 8.5"
221,B3,KAL_gen-28,221_B3_KAL_gen-28_TempWarm-5psu,,5psu,TempWarm,5,35.3,5,3,0.35,24.4,12.1,NA,NA,NA,NA,NA,9.3,23.1,NA,NA,NA,NA,0,NA,NA,NA,NA,NA,NA,NA,NA,NA,NA,NA,NA,NA,NA,NA,NA,NA,NA,NA,1.14,0.87,0.00,0.00,2.01,N,Y,TRUE,"super baby leaf, too small to measure"
225,B4,BJO_gen-29,225_B4_BJO_gen-29_TempWarm-16psu,yes,16psu,TempWarm,4,24.3,3,1,0.30,15.6,6.2,NA,NA,NA,NA,NA,3.1,NA,NA,NA,NA,NA,0,NA,NA,NA,NA,NA,NA,NA,NA,NA,NA,NA,NA,NA,NA,NA,NA,NA,NA,NA,0.68,0.27,0.00,0.00,0.95,Y,Y,TRUE,
226,B4,HOG_gen-29,226_B4_HOG_gen-29_TempWarm-16psu,,16psu,TempWarm,5,58.5,0,NA,NA,NA,NA,NA,NA,NA,NA,NA,NA,NA,NA,NA,NA,NA,0,NA,NA,NA,NA,NA,NA,NA,NA,NA,NA,NA,NA,NA,NA,NA,NA,NA,NA,NA,0.00,0.00,0.00,0.00,0.00,NA,NA,FALSE,DEAD
230,B4,BAR_gen-29,230_B4_BAR_gen-29_TempWarm-16psu,absolutely yes,16psu,TempWarm,4,40.0,0,NA,NA,NA,NA,NA,NA,NA,NA,NA,NA,NA,NA,NA,NA,NA,1,3,10.1,9.2,12.8,NA,NA,NA,NA,NA,NA,NA,NA,NA,NA,NA,NA,NA,NA,NA,1.31,0.00,0.09,0.00,1.40,N,Y,TRUE,"main shoot was dead, side shoot still alive"
231,B4,VIK_gen-29,231_B4_VIK_gen-29_TempWarm-16psu,yes,16psu,TempWarm,5,30.9,4,4,0.30,NA,NA,NA,NA,NA,NA,NA,16.8,10.5,18.6,0.2,NA,NA,0,NA,NA,NA,NA,NA,NA,NA,NA,NA,NA,NA,NA,NA,NA,NA,NA,NA,NA,NA,0.58,0.38,0.00,0.00,0.96,N,Y,TRUE,
232,B4,KAL_gen-29,232_B4_KAL_gen-29_TempWarm-16psu,,16psu,TempWarm,5,69.7,4,2,0.40,33.3,13.4,NA,NA,NA,NA,NA,19.5,40.3,NA,NA,NA,NA,0,NA,NA,NA,NA,NA,NA,NA,NA,NA,NA,NA,NA,NA,NA,NA,NA,NA,NA,NA,1.55,1.26,0.00,0.00,2.81,N,Y,TRUE,"super baby leaf, too small to measure"
241,B4,KAL_gen-31,241_B4_KAL_gen-31_TempWarm-16psu,,16psu,TempWarm,5,44.8,5,3,0.30,13.5,32.0,NA,NA,NA,NA,NA,38.5,21.6,1.6,NA,NA,NA,0,NA,NA,NA,NA,NA,NA,NA,NA,NA,NA,NA,NA,NA,NA,NA,NA,NA,NA,NA,1.06,0.97,0.00,0.00,2.03,Y,Y,TRUE,
242,B4,HOR_gen-31,242_B4_HOR_gen-31_TempWarm-16psu,,16psu,TempWarm,5,36.7,0,NA,NA,NA,NA,NA,NA,NA,NA,NA,NA,NA,NA,NA,NA,NA,0,NA,NA,NA,NA,NA,NA,NA,NA,NA,NA,NA,NA,NA,NA,NA,NA,NA,NA,NA,0.00,0.00,0.00,0.00,0.00,NA,NA,FALSE,DEAD
245,B4,VIK_gen-31,245_B4_VIK_gen-31_TempWarm-16psu,,16psu,TempWarm,4,16.1,0,NA,NA,NA,NA,NA,NA,NA,NA,NA,NA,NA,NA,NA,NA,NA,1,2,2.8,5.6,NA,NA,NA,NA,NA,NA,NA,NA,NA,NA,NA,NA,NA,NA,NA,NA,0.42,0.00,0.03,0.00,0.00,N,Y,TRUE,"main shoot was dead, side shoot still alive"
246,B4,HOG_gen-31,246_B4_HOG_gen-31_TempWarm-16psu,,16psu,TempWarm,5,33.0,0,NA,NA,NA,NA,NA,NA,NA,NA,NA,NA,NA,NA,NA,NA,NA,0,NA,NA,NA,NA,NA,NA,NA,NA,NA,NA,NA,NA,NA,NA,NA,NA,NA,NA,NA,0.00,0.00,0.00,0.00,0.00,NA,NA,FALSE,DEAD
248,B4,BJO_gen-31,248_B4_BJO_gen-31_TempWarm-16psu,,16psu,TempWarm,4,24.0,4,2,0.30,4.8,15.2,NA,NA,NA,NA,NA,10.2,0.4,NA,NA,NA,NA,0,NA,NA,NA,NA,NA,NA,NA,NA,NA,NA,NA,NA,NA,NA,NA,NA,NA,NA,NA,1.20,0.38,0.00,0.00,1.58,N,Y,TRUE,
250,B4,HOG_gen-32,250_B4_HOG_gen-32_TempWarm-5psu,yes,5psu,TempWarm,5,31.5,0,NA,NA,NA,NA,NA,NA,NA,NA,NA,NA,NA,NA,NA,NA,NA,0,NA,NA,NA,NA,NA,NA,NA,NA,NA,NA,NA,NA,NA,NA,NA,NA,NA,NA,NA,0.00,0.00,0.00,0.00,0.00,NA,NA,FALSE,DEAD
255,B4,KAL_gen-32,255_B4_KAL_gen-32_TempWarm-5psu,,5psu,TempWarm,5,45.9,0,NA,NA,NA,NA,NA,NA,NA,NA,NA,NA,NA,NA,NA,NA,NA,0,NA,NA,NA,NA,NA,NA,NA,NA,NA,NA,NA,NA,NA,NA,NA,NA,NA,NA,NA,0.00,0.00,0.00,0.00,0.00,NA,NA,FALSE,DEAD
257,C1,KUR_gen-33,257_C1_KUR_gen-33_TempControl-21psu,,21psu,TempControl,5,24.0,5,3,0.30,4.6,17.3,NA,NA,NA,NA,NA,31.6,9.0,27.6,NA,NA,NA,1,4,15.1,12.5,22.2,8.2,NA,NA,NA,NA,NA,NA,NA,NA,NA,NA,NA,NA,NA,NA,1.04,0.39,0.15,0.00,1.58,Y,Y,TRUE,"new shoot 1 has a hole on leaf1, growth to hole is 14.9"
258,C1,BJO_gen-33,258_C1_BJO_gen-33_TempControl-21psu,,21psu,TempControl,6,40.2,3,2,0.30,17.2,NA,NA,NA,NA,NA,NA,33.0,18.9,NA,NA,NA,NA,2,2,1.8,7.8,NA,NA,NA,NA,3,10.6,4.5,10.5,NA,NA,NA,NA,NA,NA,NA,NA,1.96,0.56,0.07,0.09,2.68,Y,Y,TRUE,"new shoot 2 has a hole on leaf1, growth to hole is 6.9"
259,C1,KAL_gen-33,259_C1_KAL_gen-33_TempControl-21psu,,21psu,TempControl,4,62.2,5,3,0.45,2.1,15.3,NA,NA,NA,NA,NA,36.9,33.0,13.0,NA,NA,NA,0,NA,NA,NA,NA,NA,NA,NA,NA,NA,NA,NA,NA,NA,NA,NA,NA,NA,NA,NA,1.34,1.33,0.00,0.00,2.67,Y,Y,TRUE,
260,C1,HOR_gen-33,260_C1_HOR_gen-33_TempControl-21psu,,21psu,TempControl,4,34.5,5,4,0.30,6.8,NA,NA,NA,NA,NA,NA,27.1,23.5,17.1,29.6,NA,NA,0,NA,NA,NA,NA,NA,NA,NA,NA,NA,NA,NA,NA,NA,NA,NA,NA,NA,NA,NA,2.02,1.24,0.00,0.00,3.26,Y,Y,TRUE,"super baby leaf, too small to measure"
261,C1,VIK_gen-33,261_C1_VIK_gen-33_TempControl-21psu,,21psu,TempControl,5,57.0,4,3,0.45,10.3,NA,NA,NA,NA,NA,NA,18.7,10.9,17.8,NA,NA,NA,1,3,6.1,3.8,10.5,NA,NA,NA,NA,NA,NA,NA,NA,NA,NA,NA,NA,NA,NA,NA,2.80,1.08,0.15,0.00,4.03,N,Y,TRUE,
262,C1,BAR_gen-33,262_C1_BAR_gen-33_TempControl-21psu,yes,21psu,TempControl,5,19.5,5,3,0.20,13.6,5.9,NA,NA,NA,NA,NA,17.3,6.8,20.6,NA,NA,NA,0,NA,NA,NA,NA,NA,NA,NA,NA,NA,NA,NA,NA,NA,NA,NA,NA,NA,NA,NA,0.88,0.39,0.00,0.00,1.27,N,Y,TRUE,
263,C1,VAT_gen-33,263_C1_VAT_gen-33_TempControl-21psu,,21psu,TempControl,5,44.7,5,3,0.50,5.0,13.9,NA,NA,NA,NA,NA,24.6,15.3,3.3,NA,NA,NA,2,5,15.2,16.6,2.2,11.9,13.6,NA,4,13.5,11.1,16.4,13.1,NA,NA,NA,NA,NA,NA,NA,4.60,0.54,1.59,1.42,8.15,Y,Y,TRUE,"had two large shoots connected by a very large rhizome - these shoots had broken apart before processing, but we are fairly sure they were connected in the bag ; new shoot 1 has a hole on leaf1, growth is to hole 6.3 ; new shoot 2 has a hole on leaf1, growth to hole 9.5, and has a hole on leaf4, growth to 2.8 ; super baby leaf, too small to measure ; we have named her Vatilda"
264,C1,HOG_gen-33,264_C1_HOG_gen-33_TempControl-21psu,,21psu,TempControl,5,63.2,5,5,0.20,NA,NA,NA,NA,NA,NA,NA,1.1,5.8,4.7,5.6,2.4,NA,0,NA,NA,NA,NA,NA,NA,NA,NA,NA,NA,NA,NA,NA,NA,NA,NA,NA,NA,NA,2.33,0.19,0.00,0.00,2.52,N,Y,TRUE,"grew in a circle, hard to measure ; super baby leaf, too small to measure"
265,C1,VIK_gen-34,265_C1_VIK_gen-34_TempControl-7psu,yes,7psu,TempControl,4,25.3,4,4,0.20,NA,NA,NA,NA,NA,NA,NA,5.5,1.4,7.3,11.0,NA,NA,0,NA,NA,NA,NA,NA,NA,NA,NA,NA,NA,NA,NA,NA,NA,NA,NA,NA,NA,NA,0.66,0.12,0.00,0.00,0.78,N,Y,TRUE,
266,C1,VAT_gen-34,266_C1_VAT_gen-34_TempControl-7psu,,7psu,TempControl,4,41.0,0,NA,NA,NA,NA,NA,NA,NA,NA,NA,NA,NA,NA,NA,NA,NA,0,NA,NA,NA,NA,NA,NA,NA,NA,NA,NA,NA,NA,NA,NA,NA,NA,NA,NA,NA,0.00,0.00,0.00,0.00,0.00,NA,NA,FALSE,DEAD
269,C1,HOG_gen-34,269_C1_HOG_gen-34_TempControl-7psu,absolutely yes,7psu,TempControl,4,16.7,4,3,0.25,12.9,NA,NA,NA,NA,NA,NA,16.0,11.9,2.8,NA,NA,NA,0,NA,NA,NA,NA,NA,NA,NA,NA,NA,NA,NA,NA,NA,NA,NA,NA,NA,NA,NA,0.56,0.20,0.00,0.00,0.76,N,Y,TRUE,
274,C1,HOG_gen-35,274_C1_HOG_gen-35_TempControl-21psu,absolutely yes,21psu,TempControl,4,17.9,NA,NA,NA,NA,NA,NA,NA,NA,NA,NA,NA,NA,NA,NA,NA,NA,0,NA,NA,NA,NA,NA,NA,NA,NA,NA,NA,NA,NA,NA,NA,NA,NA,NA,NA,NA,NA,NA,NA,NA,NA,NA,NA,NA,"Was initially placed in wrong bag, don't include in analysis"
275,C1,HOR_gen-35,275_C1_HOR_gen-35_TempControl-21psu,,21psu,TempControl,4,29.0,4,2,0.40,17.3,6.4,NA,NA,NA,NA,NA,9.1,27.1,NA,NA,NA,NA,0,NA,NA,NA,NA,NA,NA,NA,NA,NA,NA,NA,NA,NA,NA,NA,NA,NA,NA,NA,1.35,0.52,0.00,0.00,1.87,N,Y,TRUE,
276,C1,BAR_gen-35,276_C1_BAR_gen-35_TempControl-21psu,,21psu,TempControl,6,55.0,4,3,0.30,18.8,NA,NA,NA,NA,NA,NA,22.1,4.8,27.0,NA,NA,NA,2,2,1.0,5.8,NA,NA,NA,NA,4,16.9,11.1,23,12.3,NA,NA,NA,NA,NA,NA,NA,3.64,0.56,0.02,0.30,4.52,N,Y,TRUE,new shoot 1 is pretty rotten ; new shoot 2 has a hole on leaf4 at 7.8
277,C1,BJO_gen-35,277_C1_BJO_gen-35_TempControl-21psu,,21psu,TempControl,6,38.5,3,2,0.30,21.0,NA,NA,NA,NA,NA,NA,36.9,10.4,NA,NA,NA,NA,0,NA,NA,NA,NA,NA,NA,NA,NA,NA,NA,NA,NA,NA,NA,NA,NA,NA,NA,NA,1.77,0.54,0.00,0.00,2.31,Y,Y,TRUE,
278,C1,KUR_gen-35,278_C1_KUR_gen-35_TempControl-21psu,yes,21psu,TempControl,5,28.0,5,3,0.20,0.9,11.5,NA,NA,NA,NA,NA,30.1,28.4,4.6,NA,NA,NA,0,NA,NA,NA,NA,NA,NA,NA,NA,NA,NA,NA,NA,NA,NA,NA,NA,NA,NA,NA,1.10,0.66,0.00,0.00,1.76,Y,Y,TRUE,
279,C1,KAL_gen-35,279_C1_KAL_gen-35_TempControl-21psu,,21psu,TempControl,4,67.9,5,3,0.45,35.0,9.6,NA,NA,NA,NA,NA,29.4,7.9,39.7,NA,NA,NA,0,NA,NA,NA,NA,NA,NA,NA,NA,NA,NA,NA,NA,NA,NA,NA,NA,NA,NA,NA,1.65,1.56,0.00,0.00,3.21,N,Y,TRUE,
280,C1,VIK_gen-35,280_C1_VIK_gen-35_TempControl-21psu,,21psu,TempControl,4,15.2,4,4,0.35,7.2,NA,NA,NA,NA,NA,NA,16.2,8.2,12.2,NA,NA,NA,1,3,12.4,8.8,5.6,NA,NA,NA,NA,NA,NA,NA,NA,NA,NA,NA,NA,NA,NA,NA,0.70,0.29,0.07,0.00,1.06,Y,Y,TRUE,
282,C1,KAL_gen-36,282_C1_KAL_gen-36_TempControl-7psu,yes,7psu,TempControl,4,50.5,5,3,0.40,13.8,28.1,NA,NA,NA,NA,NA,31.3,26.1,7.3,NA,NA,NA,1,4,12.5,10.9,9.9,3.7,NA,NA,NA,NA,NA,NA,NA,NA,NA,NA,NA,NA,NA,NA,1.63,0.88,0.14,0.00,2.65,N,Y,TRUE,
283,C1,VIK_gen-36,283_C1_VIK_gen-36_TempControl-7psu,,7psu,TempControl,4,11.5,3,3,0.30,NA,NA,NA,NA,NA,NA,NA,8.5,5.3,9.3,NA,NA,NA,2,2,2.3,1.1,NA,NA,NA,NA,4,7.3,5.7,5,0.7,NA,NA,NA,NA,NA,NA,NA,0.83,0.12,0.01,0.07,1.03,N,Y,TRUE,
284,C1,HOG_gen-36,284_C1_HOG_gen-36_TempControl-7psu,,7psu,TempControl,7,23.4,0,NA,NA,NA,NA,NA,NA,NA,NA,NA,NA,NA,NA,NA,NA,NA,0,NA,NA,NA,NA,NA,NA,NA,NA,NA,NA,NA,NA,NA,NA,NA,NA,NA,NA,NA,0.00,0.00,0.00,0.00,0.00,NA,NA,FALSE,DEAD
286,C1,VAT_gen-36,286_C1_VAT_gen-36_TempControl-7psu,yes,7psu,TempControl,4,42.4,0,NA,NA,NA,NA,NA,NA,NA,NA,NA,NA,NA,NA,NA,NA,NA,0,NA,NA,NA,NA,NA,NA,NA,NA,NA,NA,NA,NA,NA,NA,NA,NA,NA,NA,NA,0.00,0.00,0.00,0.00,0.00,NA,NA,FALSE,DEAD
287,C1,HOR_gen-36,287_C1_HOR_gen-36_TempControl-7psu,,7psu,TempControl,4,45.8,4,3,0.30,13.7,NA,NA,NA,NA,NA,NA,16.3,4.1,12.8,NA,NA,NA,2,1,1.6,NA,NA,NA,NA,NA,5,14,11.9,2.2,18,11.9,NA,NA,NA,NA,NA,NA,1.12,0.45,0.01,0.22,1.80,N,Y,TRUE,new shoot 2 has a hole on leaf5 at 7.5
289,C2,BJO_gen-37,289_C2_BJO_gen-37_TempControl-21psu,,21psu,TempControl,6,36.7,4,2,0.35,9.0,25.7,NA,NA,NA,NA,NA,14.5,30.6,NA,NA,NA,NA,1,4,12.4,0.9,9.4,11.4,NA,NA,NA,NA,NA,NA,NA,NA,NA,NA,NA,NA,NA,NA,1.66,0.71,0.13,0.00,2.50,Y,Y,TRUE,"super baby leaf, too small to measure"
290,C2,HOG_gen-37,290_C2_HOG_gen-37_TempControl-21psu,,21psu,TempControl,5,38.1,5,3,0.30,26.1,7.3,NA,NA,NA,NA,NA,4.0,23.0,35.2,NA,NA,NA,0,NA,NA,NA,NA,NA,NA,NA,NA,NA,NA,NA,NA,NA,NA,NA,NA,NA,NA,NA,1.65,0.89,0.00,0.00,2.54,N,Y,TRUE,
291,C2,BAR_gen-37,291_C2_BAR_gen-37_TempControl-21psu,absolutely yes,21psu,TempControl,4,26.4,4,2,0.30,3.3,12.7,NA,NA,NA,NA,NA,17.5,12.2,NA,NA,NA,NA,0,NA,NA,NA,NA,NA,NA,NA,NA,NA,NA,NA,NA,NA,NA,NA,NA,NA,NA,NA,0.95,0.30,0.00,0.00,1.25,N,Y,TRUE,new leaf1 eaten at top
292,C2,KUR_gen-37,292_C2_KUR_gen-37_TempControl-21psu,,21psu,TempControl,3,15.7,4,2,0.20,14.6,3.3,NA,NA,NA,NA,NA,13.4,24.5,NA,NA,NA,NA,0,NA,NA,NA,NA,NA,NA,NA,NA,NA,NA,NA,NA,NA,NA,NA,NA,NA,NA,NA,1.03,0.25,0.00,0.00,1.28,N,Y,TRUE,
293,C2,HOR_gen-37,293_C2_HOR_gen-37_TempControl-21psu,,21psu,TempControl,5,30.6,0,NA,NA,NA,NA,NA,NA,NA,NA,NA,NA,NA,NA,NA,NA,NA,0,NA,NA,NA,NA,NA,NA,NA,NA,NA,NA,NA,NA,NA,NA,NA,NA,NA,NA,NA,0.00,0.00,0.00,0.00,0.00,NA,NA,FALSE,DEAD
294,C2,VIK_gen-37,294_C2_VIK_gen-37_TempControl-21psu,,21psu,TempControl,4,44.7,5,3,0.45,19.6,5.2,NA,NA,NA,NA,NA,16.7,1.1,25.1,NA,NA,NA,0,NA,NA,NA,NA,NA,NA,NA,NA,NA,NA,NA,NA,NA,NA,NA,NA,NA,NA,NA,3.08,1.48,0.00,0.00,4.56,Y,Y,TRUE,
295,C2,VAT_gen-37,295_C2_VAT_gen-37_TempControl-21psu,yes,21psu,TempControl,5,53.0,5,3,0.50,9.0,25.2,NA,NA,NA,NA,NA,37.1,12.4,37.8,NA,NA,NA,1,5,12.8,16.2,6.4,18.4,10.0,NA,NA,NA,NA,NA,NA,NA,NA,NA,NA,NA,NA,NA,5.44,1.79,0.65,0.00,7.88,N,Y,TRUE,new shoot 1 has a hole on leaf5 at 7.8
296,C2,KAL_gen-37,296_C2_KAL_gen-37_TempControl-21psu,yes,21psu,TempControl,5,48.0,5,3,0.40,18.2,6.7,NA,NA,NA,NA,NA,22.4,7.5,29.6,NA,NA,NA,0,NA,NA,NA,NA,NA,NA,NA,NA,NA,NA,NA,NA,NA,NA,NA,NA,NA,NA,NA,1.63,0.73,0.00,0.00,2.36,N,Y,TRUE,
297,C2,VIK_gen-38,297_C2_VIK_gen-38_TempControl-7psu,,7psu,TempControl,3,35.9,3,3,0.40,NA,NA,NA,NA,NA,NA,NA,1.5,5.9,9.3,NA,NA,NA,1,1,1.3,NA,NA,NA,NA,NA,NA,NA,NA,NA,NA,NA,NA,NA,NA,NA,NA,NA,0.00,0.00,0.00,0.00,0.00,N,Y,TRUE,
298,C2,HOG_gen-38,298_C2_HOG_gen-38_TempControl-7psu,,7psu,TempControl,5,57.5,0,NA,NA,NA,NA,NA,NA,NA,NA,NA,NA,NA,NA,NA,NA,NA,0,NA,NA,NA,NA,NA,NA,NA,NA,NA,NA,NA,NA,NA,NA,NA,NA,NA,NA,NA,0.00,0.00,0.00,0.00,0.00,NA,NA,FALSE,DEAD
300,C2,BJO_gen-38,300_C2_BJO_gen-38_TempControl-7psu,,7psu,TempControl,5,40.8,4,3,0.40,21.0,NA,NA,NA,NA,NA,NA,33.1,15.0,31.7,NA,NA,NA,1,4,14.6,13.0,4.0,14.7,NA,NA,NA,NA,NA,NA,NA,NA,NA,NA,NA,NA,NA,NA,2.52,0.12,0.26,0.00,2.90,N,Y,TRUE,
302,C2,VAT_gen-38,302_C2_VAT_gen-38_TempControl-7psu,yes,7psu,TempControl,5,36.4,2,2,0.30,NA,NA,NA,NA,NA,NA,NA,14.6,5.0,NA,NA,NA,NA,0,NA,NA,NA,NA,NA,NA,NA,NA,NA,NA,NA,NA,NA,NA,NA,NA,NA,NA,NA,3.86,0.29,0.00,0.00,4.15,N,Y,TRUE,
303,C2,KUR_gen-38,303_C2_KUR_gen-38_TempControl-7psu,absolutely yes,7psu,TempControl,4,15.8,5,5,0.25,NA,NA,NA,NA,NA,NA,NA,19.1,11.8,13.0,4.0,17.0,NA,0,NA,NA,NA,NA,NA,NA,NA,NA,NA,NA,NA,NA,NA,NA,NA,NA,NA,NA,NA,1.62,0.31,0.00,0.00,1.93,N,Y,TRUE,
304,C2,KAL_gen-38,304_C2_KAL_gen-38_TempControl-7psu,,7psu,TempControl,4,46.5,5,4,0.40,19.6,NA,NA,NA,NA,NA,NA,31.0,15.7,31.0,0.7,NA,NA,0,NA,NA,NA,NA,NA,NA,NA,NA,NA,NA,NA,NA,NA,NA,NA,NA,NA,NA,NA,1.57,0.79,0.00,0.00,2.36,N,Y,TRUE,
305,C2,VIK_gen-39,305_C2_VIK_gen-39_TempControl-21psu,,21psu,TempControl,6,24.7,4,2,0.30,10.3,2.5,NA,NA,NA,NA,NA,4.5,10.1,NA,NA,NA,NA,2,4,12.7,4.8,14.0,9.9,NA,NA,2,1.2,0.2,NA,NA,NA,NA,NA,NA,NA,NA,NA,0.93,0.23,0.16,0.01,1.33,N,Y,TRUE,new shoot 1 has a hole on leaf4 at 5.9
306,C2,BJO_gen-39,306_C2_BJO_gen-39_TempControl-21psu,,21psu,TempControl,5,42.0,5,3,0.35,15.2,35.0,NA,NA,NA,NA,NA,43.8,1.8,25.6,NA,NA,NA,1,4,18.4,5.2,17.5,12.9,NA,NA,NA,NA,NA,NA,NA,NA,NA,NA,NA,NA,NA,NA,2.26,1.42,0.34,0.00,4.02,Y,Y,TRUE,
307,C2,HOG_gen-39,307_C2_HOG_gen-39_TempControl-21psu,absolutely yes,21psu,TempControl,4,37.5,4,3,0.30,20.5,NA,NA,NA,NA,NA,NA,33.1,7.6,28.3,NA,NA,NA,0,NA,NA,NA,NA,NA,NA,NA,NA,NA,NA,NA,NA,NA,NA,NA,NA,NA,NA,NA,1.67,0.79,0.00,0.00,2.46,N,Y,TRUE,
308,C2,BAR_gen-39,308_C2_BAR_gen-39_TempControl-21psu,yes,21psu,TempControl,4,37.5,4,2,0.30,26.2,12.0,NA,NA,NA,NA,NA,15.1,30.3,NA,NA,NA,NA,2,3,7.4,9.5,7.0,NA,NA,NA,5,10.2,8.8,19.5,16.8,19.9,NA,NA,NA,NA,NA,NA,2.48,0.64,0.08,0.28,3.48,N,Y,TRUE,new shoot 2 has a hole on leaf1 at 7.0
309,C2,VAT_gen-39,309_C2_VAT_gen-39_TempControl-21psu,,21psu,TempControl,4,52.3,4,3,0.50,8.2,NA,NA,NA,NA,NA,NA,39.2,19.5,37.1,NA,NA,NA,1,3,11.2,4.9,11.8,NA,NA,NA,NA,NA,NA,NA,NA,NA,NA,NA,NA,NA,NA,NA,5.68,2.26,0.23,0.00,8.17,Y,Y,TRUE,
310,C2,KAL_gen-39,310_C2_KAL_gen-39_TempControl-21psu,absolutely yes,21psu,TempControl,4,12.8,4,3,0.20,6.9,NA,NA,NA,NA,NA,NA,14.9,7.4,15.9,NA,NA,NA,0,NA,NA,NA,NA,NA,NA,NA,NA,NA,NA,NA,NA,NA,NA,NA,NA,NA,NA,NA,0.43,0.30,0.00,0.00,0.73,N,Y,TRUE,
311,C2,KUR_gen-39,311_C2_KUR_gen-39_TempControl-21psu,,21psu,TempControl,4,16.4,5,3,0.20,19.2,4.3,NA,NA,NA,NA,NA,24.1,7.3,27.9,NA,NA,NA,1,3,8.8,5.4,7.0,NA,NA,NA,NA,NA,NA,NA,NA,NA,NA,NA,NA,NA,NA,NA,0.96,0.39,0.03,0.00,1.38,N,Y,TRUE,
312,C2,HOR_gen-39,312_C2_HOR_gen-39_TempControl-21psu,yes,21psu,TempControl,5,34.8,5,3,0.20,1.9,11.0,NA,NA,NA,NA,NA,13.3,9.1,4.0,NA,NA,NA,0,NA,NA,NA,NA,NA,NA,NA,NA,NA,NA,NA,NA,NA,NA,NA,NA,NA,NA,NA,1.20,0.83,0.00,0.00,2.03,Y,Y,TRUE,
314,C2,KAL_gen-40,314_C2_KAL_gen-40_TempControl-7psu,,7psu,TempControl,5,58.5,5,5,0.40,NA,NA,NA,NA,NA,NA,NA,33.6,1.0,12.6,32.2,7.9,NA,2,1,8.8,NA,NA,NA,NA,NA,3,16.8,9.3,16.4,NA,NA,NA,NA,NA,NA,NA,NA,3.61,1.52,0.06,0.29,5.48,N,Y,TRUE,
315,C2,KUR_gen-40,315_C2_KUR_gen-40_TempControl-7psu,absolutely yes,7psu,TempControl,4,15.0,0,NA,NA,NA,NA,NA,NA,NA,NA,NA,NA,NA,NA,NA,NA,NA,0,NA,NA,NA,NA,NA,NA,NA,NA,NA,NA,NA,NA,NA,NA,NA,NA,NA,NA,NA,0.00,0.00,0.00,0.00,0.00,NA,NA,FALSE,DEAD
316,C2,BJO_gen-40,316_C2_BJO_gen-40_TempControl-7psu,,7psu,TempControl,6,33.3,5,3,0.35,27.3,13.4,NA,NA,NA,NA,NA,19.1,3.3,29.0,NA,NA,NA,1,4,11.4,11.5,3.5,12.6,NA,NA,NA,NA,NA,NA,NA,NA,NA,NA,NA,NA,NA,NA,1.79,0.94,0.22,0.00,2.95,N,Y,TRUE,
317,C2,VIK_gen-40,317_C2_VIK_gen-40_TempControl-7psu,,7psu,TempControl,3,21.7,0,NA,NA,NA,NA,NA,NA,NA,NA,NA,NA,NA,NA,NA,NA,NA,0,NA,NA,NA,NA,NA,NA,NA,NA,NA,NA,NA,NA,NA,NA,NA,NA,NA,NA,NA,0.00,0.00,0.00,0.00,0.00,NA,NA,FALSE,DEAD
319,C2,HOR_gen-40,319_C2_HOR_gen-40_TempControl-7psu,,7psu,TempControl,5,48.0,5,3,0.30,15.4,12.4,NA,NA,NA,NA,NA,19.9,2.0,26.9,NA,NA,NA,1,4,10.2,8.6,8.2,0.9,NA,NA,NA,NA,NA,NA,NA,NA,NA,NA,NA,NA,NA,NA,1.08,0.96,0.09,0.00,2.13,N,Y,TRUE,
320,C2,BAR_gen-40,320_C2_BAR_gen-40_TempControl-7psu,,7psu,TempControl,5,43.0,0,NA,NA,NA,NA,NA,NA,NA,NA,NA,NA,NA,NA,NA,NA,NA,1,3,17.8,16.1,10.2,NA,NA,NA,NA,NA,NA,NA,NA,NA,NA,NA,NA,NA,NA,NA,1.59,0.17,0.00,0.00,1.76,N,Y,TRUE,"main shoot was dead, side shoot still alive"
321,C3,VIK_gen-41,321_C3_VIK_gen-41_TempControl-21psu,yes,21psu,TempControl,4,16.7,5,4,0.30,9.8,NA,NA,NA,NA,NA,NA,14.5,9.7,1.1,14.3,NA,NA,1,3,7.0,7.0,2.3,NA,NA,NA,NA,NA,NA,NA,NA,NA,NA,NA,NA,NA,NA,NA,0.80,0.32,0.05,0.00,1.17,N,Y,TRUE,
322,C3,VAT_gen-41,322_C3_VAT_gen-41_TempControl-21psu,,21psu,TempControl,5,55.0,4,2,0.50,20.3,NA,NA,NA,NA,NA,NA,26.5,7.5,0.9,NA,NA,NA,1,5,8.3,3.2,18.0,12.1,14.9,NA,NA,NA,NA,NA,NA,NA,NA,NA,NA,NA,NA,NA,3.90,0.97,0.46,0.00,5.33,Y,Y,TRUE,"super baby leaf, too small to measure"
323,C3,BJO_gen-41,323_C3_BJO_gen-41_TempControl-21psu,yes,21psu,TempControl,4,40.5,6,3,0.40,0.3,24.8,7.5,NA,NA,NA,NA,33.0,6.8,43.3,NA,NA,NA,0,NA,NA,NA,NA,NA,NA,NA,NA,NA,NA,NA,NA,NA,NA,NA,NA,NA,NA,NA,2.27,1.86,0.00,0.00,4.13,N,Y,TRUE,"had rotten side shoot (kept for DNA, but not pictured)"
324,C3,KAL_gen-41,324_C3_KAL_gen-41_TempControl-21psu,,21psu,TempControl,5,55.2,5,3,0.45,4.6,9.3,NA,NA,NA,NA,NA,9.1,2.9,NA,NA,NA,NA,1,6,3.7,10.2,18.5,9.9,17.1,1.5,NA,NA,NA,NA,NA,NA,NA,NA,NA,NA,NA,NA,2.92,0.99,0.38,0.00,4.29,N,Y,TRUE,
325,C3,BAR_gen-41,325_C3_BAR_gen-41_TempControl-21psu,yes,21psu,TempControl,4,22.0,6,2,0.30,9.8,23.7,0.3,NA,NA,NA,NA,4.0,28.8,4.0,NA,NA,NA,1,5,7.0,2.7,17.6,12.1,13.9,NA,NA,NA,NA,NA,NA,NA,NA,NA,NA,NA,NA,NA,1.95,0.53,0.16,0.00,2.64,N,Y,TRUE,"new shoot 1 has a hole on leaf1, growth to 5"
326,C3,HOG_gen-41,326_C3_HOG_gen-41_TempControl-21psu,,21psu,TempControl,5,49.5,5,2,0.40,0.3,33.6,13.0,NA,NA,NA,NA,15.5,38.3,NA,NA,NA,NA,0,NA,NA,NA,NA,NA,NA,NA,NA,NA,NA,NA,NA,NA,NA,NA,NA,NA,NA,NA,2.41,1.31,0.00,0.00,3.72,N,Y,TRUE,"super baby leaf, too small to measure"
327,C3,KUR_gen-41,327_C3_KUR_gen-41_TempControl-21psu,yes,21psu,TempControl,5,14.5,5,3,0.10,2.5,9.5,NA,NA,NA,NA,NA,15.0,3.4,13.9,NA,NA,NA,0,NA,NA,NA,NA,NA,NA,NA,NA,NA,NA,NA,NA,NA,NA,NA,NA,NA,NA,NA,0.61,0.17,0.00,0.00,0.78,N,Y,TRUE,
328,C3,HOR_gen-41,328_C3_HOR_gen-41_TempControl-21psu,yes,21psu,TempControl,5,37.8,5,3,0.30,15.5,3.0,NA,NA,NA,NA,NA,30.2,13.2,33.0,NA,NA,NA,0,NA,NA,NA,NA,NA,NA,NA,NA,NA,NA,NA,NA,NA,NA,NA,NA,NA,NA,NA,1.46,0.90,0.00,0.00,2.36,N,Y,TRUE,"super baby leaf, too small to measure"
329,C3,BAR_gen-42,329_C3_BAR_gen-42_TempControl-7psu,yes,7psu,TempControl,5,19.3,5,4,0.20,12.0,NA,NA,NA,NA,NA,NA,20.9,15.1,2.1,18.7,NA,NA,2,5,9.8,14.6,6.5,14.6,13.7,NA,5,8.2,9.6,3.6,9.4,10.2,NA,NA,NA,NA,NA,NA,1.12,0.30,0.22,0.13,1.77,N,Y,TRUE,"new shoot 1 has a hole on leaf1, growth to 8.6 ; missing leaf of length 15.1 (new leaf 2) in picture and weight measurements"
331,C3,VIK_gen-42,331_C3_VIK_gen-42_TempControl-7psu,absolutely yes,7psu,TempControl,3,14.9,4,3,0.25,8.1,NA,NA,NA,NA,NA,NA,9.4,3.1,11.1,NA,NA,NA,0,NA,NA,NA,NA,NA,NA,NA,NA,NA,NA,NA,NA,NA,NA,NA,NA,NA,NA,NA,0.38,0.16,0.00,0.00,0.54,N,Y,TRUE,
332,C3,VAT_gen-42,332_C3_VAT_gen-42_TempControl-7psu,,7psu,TempControl,5,32.3,0,NA,NA,NA,NA,NA,NA,NA,NA,NA,NA,NA,NA,NA,NA,NA,0,NA,NA,NA,NA,NA,NA,NA,NA,NA,NA,NA,NA,NA,NA,NA,NA,NA,NA,NA,0.00,0.00,0.00,0.00,0.00,NA,NA,FALSE,DEAD
333,C3,KUR_gen-42,333_C3_KUR_gen-42_TempControl-7psu,yes,7psu,TempControl,6,23.6,0,NA,NA,NA,NA,NA,NA,NA,NA,NA,NA,NA,NA,NA,NA,NA,0,NA,NA,NA,NA,NA,NA,NA,NA,NA,NA,NA,NA,NA,NA,NA,NA,NA,NA,NA,0.00,0.00,0.00,0.00,0.00,NA,NA,FALSE,DEAD
335,C3,KAL_gen-42,335_C3_KAL_gen-42_TempControl-7psu,absolutely yes,7psu,TempControl,4,45.0,6,4,0.40,31.0,12.8,NA,NA,NA,NA,NA,38.1,19.1,37.4,1.5,NA,NA,0,NA,NA,NA,NA,NA,NA,NA,NA,NA,NA,NA,NA,NA,NA,NA,NA,NA,NA,NA,1.38,1.58,0.00,0.00,2.96,N,Y,TRUE,
336,C3,HOR_gen-42,336_C3_HOR_gen-42_TempControl-7psu,yes,7psu,TempControl,4,37.0,3,3,0.20,NA,NA,NA,NA,NA,NA,NA,22.6,7.8,19.4,NA,NA,NA,1,4,13.9,15.2,13.1,13.2,NA,NA,NA,NA,NA,NA,NA,NA,NA,NA,NA,NA,NA,NA,1.03,0.32,0.23,0.00,1.58,N,Y,TRUE,
337,C3,KAL_gen-43,337_C3_KAL_gen-43_TempControl-21psu,yes,21psu,TempControl,4,44.0,5,4,0.35,15.3,NA,NA,NA,NA,NA,NA,38.2,38.1,5.6,36.3,NA,NA,0,NA,NA,NA,NA,NA,NA,NA,NA,NA,NA,NA,NA,NA,NA,NA,NA,NA,NA,NA,1.38,0.92,0.00,0.00,2.30,N,Y,TRUE,
338,C3,HOG_gen-43,338_C3_HOG_gen-43_TempControl-21psu,,21psu,TempControl,5,38.4,5,4,0.30,7.1,NA,NA,NA,NA,NA,NA,1.8,15.2,7.9,14.0,NA,NA,0,NA,NA,NA,NA,NA,NA,NA,NA,NA,NA,NA,NA,NA,NA,NA,NA,NA,NA,NA,0.93,0.30,0.00,0.00,1.23,N,Y,TRUE,"super baby leaf, too small to measure"
339,C3,BAR_gen-43,339_C3_BAR_gen-43_TempControl-21psu,,21psu,TempControl,5,39.5,5,3,0.30,2.2,12.4,NA,NA,NA,NA,NA,27.0,20.7,6.2,NA,NA,NA,1,4,11.6,5.9,11.9,9.1,NA,NA,NA,NA,NA,NA,NA,NA,NA,NA,NA,NA,NA,NA,2.00,0.66,0.13,0.00,2.79,Y,Y,TRUE,"new shoot 1 has a hole on leaf4, growth to 5.6"
340,C3,VIK_gen-43,340_C3_VIK_gen-43_TempControl-21psu,,21psu,TempControl,4,17.5,5,5,0.30,NA,NA,NA,NA,NA,NA,NA,15.6,8.8,17.0,3.1,12.3,1.7,1,2,5.8,7.7,NA,NA,NA,NA,NA,NA,NA,NA,NA,NA,NA,NA,NA,NA,NA,NA,0.73,0.28,0.04,0.00,1.05,N,Y,TRUE,"super baby leaf, too small to measure"
341,C3,HOR_gen-43,341_C3_HOR_gen-43_TempControl-21psu,,21psu,TempControl,4,37.9,5,2,0.30,0.8,23.0,7.0,NA,NA,NA,NA,10.5,22.9,NA,NA,NA,NA,0,NA,NA,NA,NA,NA,NA,NA,NA,NA,NA,NA,NA,NA,NA,NA,NA,NA,NA,NA,1.37,0.71,0.00,0.00,2.08,N,Y,TRUE,"super baby leaf, too small to measure"
342,C3,BJO_gen-43,342_C3_BJO_gen-43_TempControl-21psu,yes,21psu,TempControl,3,35.0,5,3,0.30,20.4,6.0,NA,NA,NA,NA,NA,27.4,30.4,12.4,NA,NA,NA,1,1,10.4,NA,NA,NA,NA,NA,NA,NA,NA,NA,NA,NA,NA,NA,NA,NA,NA,NA,2.33,0.79,0.04,0.00,3.16,N,Y,TRUE,"super baby leaf, too small to measure ; new shoot 1 has a hole on leaf1, growth to 4.9"
343,C3,VAT_gen-43,343_C3_VAT_gen-43_TempControl-21psu,,21psu,TempControl,5,55.4,4,3,0.40,22.8,NA,NA,NA,NA,NA,NA,13.1,35.5,36.4,NA,NA,NA,1,4,9.5,14.0,15.6,4.5,NA,NA,NA,NA,NA,NA,NA,NA,NA,NA,NA,NA,NA,NA,3.49,1.16,0.30,0.00,4.95,N,Y,TRUE,"super baby leaf, too small to measure"
344,C3,KUR_gen-43,344_C3_KUR_gen-43_TempControl-21psu,,21psu,TempControl,5,34.5,5,4,0.30,16.3,NA,NA,NA,NA,NA,NA,15.9,27.8,31.8,1.2,NA,NA,1,5,8.3,19.0,2.5,15.9,14.4,NA,NA,NA,NA,NA,NA,NA,NA,NA,NA,NA,NA,NA,0.98,0.39,0.26,0.00,1.63,N,Y,TRUE,"new shoot 1 has a hole on leaf1, growth to 7.6"
347,C3,HOG_gen-44,347_C3_HOG_gen-44_TempControl-7psu,,7psu,TempControl,5,55.7,0,NA,NA,NA,NA,NA,NA,NA,NA,NA,NA,NA,NA,NA,NA,NA,0,NA,NA,NA,NA,NA,NA,NA,NA,NA,NA,NA,NA,NA,NA,NA,NA,NA,NA,NA,0.00,0.00,0.00,0.00,0.00,NA,NA,FALSE,DEAD
348,C3,BAR_gen-44,348_C3_BAR_gen-44_TempControl-7psu,absolutely yes,7psu,TempControl,5,43.4,4,3,0.25,14.4,NA,NA,NA,NA,NA,NA,24.3,8.6,25.0,NA,NA,NA,1,4,8.5,11.8,9.6,5.7,NA,NA,NA,NA,NA,NA,NA,NA,NA,NA,NA,NA,NA,NA,1.42,0.61,0.12,0.00,2.15,Y,Y,TRUE,"new shoot 1 has a hole on leaf1, growth to 8"
349,C3,HOR_gen-44,349_C3_HOR_gen-44_TempControl-7psu,,7psu,TempControl,4,38.2,4,3,0.30,15.2,NA,NA,NA,NA,NA,NA,24.4,2.5,18.2,NA,NA,NA,0,NA,NA,NA,NA,NA,NA,NA,NA,NA,NA,NA,NA,NA,NA,NA,NA,NA,NA,NA,1.28,0.53,0.00,0.00,1.81,N,Y,TRUE,
350,C3,KAL_gen-44,350_C3_KAL_gen-44_TempControl-7psu,,7psu,TempControl,5,41.5,5,4,0.30,10.9,NA,NA,NA,NA,NA,NA,25.8,5.9,21.2,26.6,NA,NA,1,4,11.0,7.4,9.4,0.8,NA,NA,NA,NA,NA,NA,NA,NA,NA,NA,NA,NA,NA,NA,2.13,0.76,0.07,0.00,2.96,N,Y,TRUE,
352,C3,VIK_gen-44,352_C3_VIK_gen-44_TempControl-7psu,,7psu,TempControl,4,34.0,5,4,0.30,10.6,NA,NA,NA,NA,NA,NA,8.9,6.5,13.4,NA,NA,NA,2,4,5.0,5.5,6.1,0.7,NA,NA,2,0.7,4.1,NA,NA,NA,NA,NA,NA,NA,NA,NA,0.68,0.39,0.09,0.01,1.17,N,Y,TRUE,
353,C4,KAL_gen-45,353_C4_KAL_gen-45_TempControl-21psu,,21psu,TempControl,5,63.3,6,4,0.40,37.5,10.6,NA,NA,NA,NA,NA,45.6,51.6,21.4,2.9,NA,NA,0,NA,NA,NA,NA,NA,NA,NA,NA,NA,NA,NA,NA,NA,NA,NA,NA,NA,NA,NA,2.34,1.53,0.00,0.00,3.87,N,Y,TRUE,
354,C4,BJO_gen-45,354_C4_BJO_gen-45_TempControl-21psu,yes,21psu,TempControl,4,38.0,2,3,0.30,23.8,7.3,NA,NA,NA,NA,NA,19.6,23.6,0.1,NA,NA,NA,1,2,9.3,10.0,NA,NA,NA,NA,NA,NA,NA,NA,NA,NA,NA,NA,NA,NA,NA,NA,1.73,0.68,0.06,0.00,2.47,Y,Y,TRUE,"new shoot 1 has a hole on leaf2, growth to 6"
355,C4,HOR_gen-45,355_C4_HOR_gen-45_TempControl-21psu,,21psu,TempControl,4,28.4,4,2,0.30,23.5,7.4,NA,NA,NA,NA,NA,16.3,30.3,NA,NA,NA,NA,0,NA,NA,NA,NA,NA,NA,NA,NA,NA,NA,NA,NA,NA,NA,NA,NA,NA,NA,NA,1.47,0.72,0.00,0.00,2.19,N,Y,TRUE,
356,C4,VIK_gen-45,356_C4_VIK_gen-45_TempControl-21psu,,21psu,TempControl,4,26.7,4,3,0.40,8.9,NA,NA,NA,NA,NA,NA,14.9,5.5,13.7,NA,NA,NA,0,NA,NA,NA,NA,NA,NA,NA,NA,NA,NA,NA,NA,NA,NA,NA,NA,NA,NA,NA,1.17,0.45,0.00,0.00,1.62,N,Y,TRUE,
357,C4,HOG_gen-45,357_C4_HOG_gen-45_TempControl-21psu,,21psu,TempControl,5,56.5,4,1,0.40,0.2,10.0,6.6,NA,NA,NA,NA,2.4,NA,NA,NA,NA,NA,1,5,11.9,20.1,12.0,21.4,0.2,NA,NA,NA,NA,NA,NA,NA,NA,NA,NA,NA,NA,NA,2.14,1.07,0.46,0.00,3.67,Y,Y,TRUE,"new shoot 1 has a hole on leaf1, growth to 11.5"
358,C4,BAR_gen-45,358_C4_BAR_gen-45_TempControl-21psu,,21psu,TempControl,5,35.7,5,3,0.30,12.4,3.1,NA,NA,NA,NA,NA,26.6,6.1,33.5,NA,NA,NA,0,NA,NA,NA,NA,NA,NA,NA,NA,NA,NA,NA,NA,NA,NA,NA,NA,NA,NA,NA,1.59,0.99,0.00,0.00,2.58,Y,Y,TRUE,
359,C4,VAT_gen-45,359_C4_VAT_gen-45_TempControl-21psu,,21psu,TempControl,5,70.0,5,3,0.50,35.0,15.2,NA,NA,NA,NA,NA,17.0,36.2,0.2,NA,NA,NA,0,NA,NA,NA,NA,NA,NA,NA,NA,NA,NA,NA,NA,NA,NA,NA,NA,NA,NA,NA,4.11,2.41,0.00,0.00,6.52,Y,Y,TRUE,
360,C4,KUR_gen-45,360_C4_KUR_gen-45_TempControl-21psu,absolutely yes,21psu,TempControl,5,22.3,4,2,0.20,6.4,21.7,NA,NA,NA,NA,NA,25.6,9.7,NA,NA,NA,NA,0,NA,NA,NA,NA,NA,NA,NA,NA,NA,NA,NA,NA,NA,NA,NA,NA,NA,NA,NA,0.96,0.45,0.00,0.00,1.41,N,Y,TRUE,
361,C4,VAT_gen-46,361_C4_VAT_gen-46_TempControl-7psu,,7psu,TempControl,5,56.4,0,NA,NA,NA,NA,NA,NA,NA,NA,NA,NA,NA,NA,NA,NA,NA,0,NA,NA,NA,NA,NA,NA,NA,NA,NA,NA,NA,NA,NA,NA,NA,NA,NA,NA,NA,0.00,0.00,0.00,0.00,0.00,NA,NA,FALSE,DEAD
362,C4,KAL_gen-46,362_C4_KAL_gen-46_TempControl-7psu,,7psu,TempControl,5,49.6,5,3,0.40,11.4,26.6,NA,NA,NA,NA,NA,34.0,12.1,28.8,NA,NA,NA,1,5,1.5,10.8,5.4,14.1,15.2,NA,NA,NA,NA,NA,NA,NA,NA,NA,NA,NA,NA,NA,1.85,1.01,0.15,0.00,3.01,N,Y,TRUE,
363,C4,KUR_gen-46,363_C4_KUR_gen-46_TempControl-7psu,yes,7psu,TempControl,4,13.2,3,3,0.20,NA,NA,NA,NA,NA,NA,NA,1.2,7.1,13.0,NA,NA,NA,0,NA,NA,NA,NA,NA,NA,NA,NA,NA,NA,NA,NA,NA,NA,NA,NA,NA,NA,NA,0.21,0.10,0.00,0.00,0.31,N,Y,TRUE,"super baby leaf, too small to measure"
364,C4,HOG_gen-46,364_C4_HOG_gen-46_TempControl-7psu,,7psu,TempControl,5,39.8,5,4,0.35,26.5,NA,NA,NA,NA,NA,NA,27.8,12.5,23.7,1.2,NA,NA,0,NA,NA,NA,NA,NA,NA,NA,NA,NA,NA,NA,NA,NA,NA,NA,NA,NA,NA,NA,1.78,0.82,0.00,0.00,2.60,N,Y,TRUE,
365,C4,BAR_gen-46,365_C4_BAR_gen-46_TempControl-7psu,yes,7psu,TempControl,5,43.1,2,2,0.20,NA,NA,NA,NA,NA,NA,NA,27.5,18.3,NA,NA,NA,NA,0,NA,NA,NA,NA,NA,NA,NA,NA,NA,NA,NA,NA,NA,NA,NA,NA,NA,NA,NA,1.22,0.26,0.00,0.00,1.48,N,Y,TRUE,
366,C4,BJO_gen-46,366_C4_BJO_gen-46_TempControl-7psu,yes,7psu,TempControl,4,28.0,0,NA,NA,NA,NA,NA,NA,NA,NA,NA,NA,NA,NA,NA,NA,NA,1,5,17.8,9.1,17.7,14.1,0.3,NA,NA,NA,NA,NA,NA,NA,NA,NA,NA,NA,NA,NA,1.40,0.00,0.32,0.00,1.72,N,Y,TRUE,"main shoot was dead, side shoot still alive"
369,C4,VIK_gen-47,369_C4_VIK_gen-47_TempControl-21psu,,21psu,TempControl,4,13.5,2,2,0.20,NA,NA,NA,NA,NA,NA,NA,12.4,9.1,NA,NA,NA,NA,0,NA,NA,NA,NA,NA,NA,NA,NA,NA,NA,NA,NA,NA,NA,NA,NA,NA,NA,NA,0.57,0.10,0.00,0.00,0.67,N,Y,TRUE,"super baby leaf, too small to measure"
370,C4,HOR_gen-47,370_C4_HOR_gen-47_TempControl-21psu,,21psu,TempControl,5,25.7,6,3,0.30,0.3,21.2,10.3,NA,NA,NA,NA,18.0,2.0,28.6,NA,NA,NA,0,NA,NA,NA,NA,NA,NA,NA,NA,NA,NA,NA,NA,NA,NA,NA,NA,NA,NA,NA,1.36,0.77,0.00,0.00,2.13,N,Y,TRUE,
371,C4,BJO_gen-47,371_C4_BJO_gen-47_TempControl-21psu,yes,21psu,TempControl,4,34.5,4,2,0.30,23.6,6.9,NA,NA,NA,NA,NA,13.7,32.1,NA,NA,NA,NA,1,2,8.0,11.7,NA,NA,NA,NA,NA,NA,NA,NA,NA,NA,NA,NA,NA,NA,NA,NA,2.96,1.03,0.41,0.00,4.40,Y,Y,TRUE,"new shoot 1 has a hole on leaf2, growth to 6.1 ; super baby leaf, too small to measure"
372,C4,HOG_gen-47,372_C4_HOG_gen-47_TempControl-21psu,,21psu,TempControl,5,45.4,0,NA,NA,NA,NA,NA,NA,NA,NA,NA,NA,NA,NA,NA,NA,NA,0,NA,NA,NA,NA,NA,NA,NA,NA,NA,NA,NA,NA,NA,NA,NA,NA,NA,NA,NA,0.00,0.00,0.00,0.00,0.00,NA,NA,FALSE,DEAD
373,C4,VAT_gen-47,373_C4_VAT_gen-47_TempControl-21psu,yes,21psu,TempControl,5,37.9,4,3,0.40,11.9,NA,NA,NA,NA,NA,NA,25.7,12.0,27.6,NA,NA,NA,1,4,12.9,7.1,14.0,13.2,NA,NA,NA,NA,NA,NA,NA,NA,NA,NA,NA,NA,NA,NA,2.96,1.03,0.41,0.00,4.40,N,Y,TRUE,"new shoot 1 has a hole on leaf4, growth to 7.8 ; super baby leaf, too small to measure"
374,C4,KAL_gen-47,374_C4_KAL_gen-47_TempControl-21psu,,21psu,TempControl,5,80.6,6,4,0.40,15.2,41.2,NA,NA,NA,NA,NA,47.9,18.9,40.8,2.2,NA,NA,0,NA,NA,NA,NA,NA,NA,NA,NA,NA,NA,NA,NA,NA,NA,NA,NA,NA,NA,NA,2.29,1.62,0.00,0.00,3.91,N,Y,TRUE,
375,C4,KUR_gen-47,375_C4_KUR_gen-47_TempControl-21psu,,21psu,TempControl,5,17.7,5,4,0.20,9.6,21.7,NA,NA,NA,NA,NA,29.3,1.2,17.8,0.3,NA,NA,1,5,8.0,19.0,13.2,11.5,0.7,NA,NA,NA,NA,NA,NA,NA,NA,NA,NA,NA,NA,NA,1.08,0.37,0.14,0.00,1.59,N,Y,TRUE,"new shoot 1 has a hole on leaf1, growth to 5.3"
376,C4,BAR_gen-47,376_C4_BAR_gen-47_TempControl-21psu,absolutely yes,21psu,TempControl,4,35.9,4,2,0.25,5.2,24.5,NA,NA,NA,NA,NA,35.9,17.5,NA,NA,NA,NA,1,4,14.0,7.3,10.0,0.4,NA,NA,10,NA,NA,NA,NA,NA,NA,NA,NA,NA,NA,NA,1.37,0.66,0.08,0.00,2.11,N,Y,TRUE,"new shoot 1 has a hole on leaf3, growth to 9.5"
377,C4,HOG_gen-48,377_C4_HOG_gen-48_TempControl-7psu,yes,7psu,TempControl,5,29.0,5,4,0.35,15.0,NA,NA,NA,NA,NA,NA,25.6,3.5,13.6,26.8,NA,NA,0,NA,NA,NA,NA,NA,NA,NA,NA,NA,NA,NA,NA,NA,NA,NA,NA,NA,NA,NA,1.28,0.81,0.00,0.00,2.09,N,Y,TRUE,
378,C4,VAT_gen-48,378_C4_VAT_gen-48_TempControl-7psu,yes,7psu,TempControl,6,40.5,0,NA,NA,NA,NA,NA,NA,NA,NA,NA,NA,NA,NA,NA,NA,NA,0,NA,NA,NA,NA,NA,NA,NA,NA,NA,NA,NA,NA,NA,NA,NA,NA,NA,NA,NA,0.00,0.00,0.00,0.00,0.00,NA,NA,FALSE,DEAD
380,C4,KAL_gen-48,380_C4_KAL_gen-48_TempControl-7psu,,7psu,TempControl,5,51.0,6,4,0.40,7.3,23.6,NA,NA,NA,NA,NA,37.0,25.3,5.2,39.0,NA,NA,0,NA,NA,NA,NA,NA,NA,NA,NA,NA,NA,NA,NA,NA,NA,NA,NA,NA,NA,NA,2.01,1.27,0.00,0.00,3.28,N,Y,TRUE,
382,C4,KUR_gen-48,382_C4_KUR_gen-48_TempControl-7psu,,7psu,TempControl,4,14.8,5,4,0.20,11.2,NA,NA,NA,NA,NA,NA,24.2,8.0,23.5,19.4,NA,NA,1,5,8.2,15.5,10.6,10.3,1.5,NA,NA,NA,NA,NA,NA,NA,NA,NA,NA,NA,NA,NA,0.87,0.33,0.08,0.00,1.28,Y,Y,TRUE,
383,C4,VIK_gen-48,383_C4_VIK_gen-48_TempControl-7psu,yes,7psu,TempControl,4,16.0,5,3,0.40,13.1,NA,NA,NA,NA,NA,NA,16.7,10.8,16.2,0.6,NA,NA,0,NA,NA,NA,NA,NA,NA,NA,NA,NA,NA,NA,NA,NA,NA,NA,NA,NA,NA,NA,1.01,0.68,0.00,0.00,1.69,N,Y,TRUE,
9,A1,KAL_gen-02,009_A1_KAL_gen-02_TempControl-7psu,,7psu,TempControl,5,55.1,0,NA,NA,NA,NA,NA,NA,NA,NA,NA,NA,NA,NA,NA,NA,NA,0,NA,NA,NA,NA,NA,NA,NA,NA,NA,NA,NA,NA,NA,NA,NA,NA,NA,NA,NA,0.00,0.00,0.00,0.00,0.00,NA,NA,FALSE,DEAD
25,A1,VAT_gen-04,025_A1_VAT_gen-04_TempControl-7psu,,7psu,TempControl,5,57.3,0,NA,NA,NA,NA,NA,NA,NA,NA,NA,NA,NA,NA,NA,NA,NA,0,NA,NA,NA,NA,NA,NA,NA,NA,NA,NA,NA,NA,NA,NA,NA,NA,NA,NA,NA,0.00,0.00,0.00,0.00,0.00,NA,NA,FALSE,DEAD
27,A1,VIK_gen-04,027_A1_VIK_gen-04_TempControl-7psu,,7psu,TempControl,6,33.5,0,NA,NA,NA,NA,NA,NA,NA,NA,NA,NA,NA,NA,NA,NA,NA,0,NA,NA,NA,NA,NA,NA,NA,NA,NA,NA,NA,NA,NA,NA,NA,NA,NA,NA,NA,0.00,0.00,0.00,0.00,0.00,NA,NA,FALSE,DEAD
28,A1,BAR_gen-04,028_A1_BAR_gen-04_TempControl-7psu,yes,7psu,TempControl,5,30.7,0,NA,NA,NA,NA,NA,NA,NA,NA,NA,NA,NA,NA,NA,NA,NA,0,NA,NA,NA,NA,NA,NA,NA,NA,NA,NA,NA,NA,NA,NA,NA,NA,NA,NA,NA,0.00,0.00,0.00,0.00,0.00,NA,NA,FALSE,DEAD
29,A1,KUR_gen-04,029_A1_KUR_gen-04_TempControl-7psu,,7psu,TempControl,5,20.9,0,NA,NA,NA,NA,NA,NA,NA,NA,NA,NA,NA,NA,NA,NA,NA,0,NA,NA,NA,NA,NA,NA,NA,NA,NA,NA,NA,NA,NA,NA,NA,NA,NA,NA,NA,0.00,0.00,0.00,0.00,0.00,NA,NA,FALSE,DEAD
31,A1,HOR_gen-04,031_A1_HOR_gen-04_TempControl-7psu,,7psu,TempControl,5,44.4,0,NA,NA,NA,NA,NA,NA,NA,NA,NA,NA,NA,NA,NA,NA,NA,0,NA,NA,NA,NA,NA,NA,NA,NA,NA,NA,NA,NA,NA,NA,NA,NA,NA,NA,NA,0.00,0.00,0.00,0.00,0.00,NA,NA,FALSE,DEAD
32,A1,BJO_gen-04,032_A1_BJO_gen-04_TempControl-7psu,absolutely yes,7psu,TempControl,5,39.5,0,NA,NA,NA,NA,NA,NA,NA,NA,NA,NA,NA,NA,NA,NA,NA,0,NA,NA,NA,NA,NA,NA,NA,NA,NA,NA,NA,NA,NA,NA,NA,NA,NA,NA,NA,0.00,0.00,0.00,0.00,0.00,NA,NA,FALSE,DEAD
41,A2,VAT_gen-06,041_A2_VAT_gen-06_TempControl-7psu,,7psu,TempControl,5,52.5,0,NA,NA,NA,NA,NA,NA,NA,NA,NA,NA,NA,NA,NA,NA,NA,0,NA,NA,NA,NA,NA,NA,NA,NA,NA,NA,NA,NA,NA,NA,NA,NA,NA,NA,NA,0.00,0.00,0.00,0.00,0.00,NA,NA,FALSE,DEAD
44,A2,KUR_gen-06,044_A2_KUR_gen-06_TempControl-7psu,,7psu,TempControl,5,23.5,0,NA,NA,NA,NA,NA,NA,NA,NA,NA,NA,NA,NA,NA,NA,NA,0,NA,NA,NA,NA,NA,NA,NA,NA,NA,NA,NA,NA,NA,NA,NA,NA,NA,NA,NA,0.00,0.00,0.00,0.00,0.00,NA,NA,FALSE,DEAD
59,A2,KAL_gen-08,059_A2_KAL_gen-08_TempControl-7psu,,7psu,TempControl,5,50.8,0,NA,NA,NA,NA,NA,NA,NA,NA,NA,NA,NA,NA,NA,NA,NA,0,NA,NA,NA,NA,NA,NA,NA,NA,NA,NA,NA,NA,NA,NA,NA,NA,NA,NA,NA,0.00,0.00,0.00,0.00,0.00,NA,NA,FALSE,DEAD
60,A2,HOR_gen-08,060_A2_HOR_gen-08_TempControl-7psu,yes,7psu,TempControl,4,42.8,0,NA,NA,NA,NA,NA,NA,NA,NA,NA,NA,NA,NA,NA,NA,NA,0,NA,NA,NA,NA,NA,NA,NA,NA,NA,NA,NA,NA,NA,NA,NA,NA,NA,NA,NA,0.00,0.00,0.00,0.00,0.00,NA,NA,FALSE,DEAD
62,A2,HOG_gen-08,062_A2_HOG_gen-08_TempControl-7psu,yes,7psu,TempControl,5,51.5,0,NA,NA,NA,NA,NA,NA,NA,NA,NA,NA,NA,NA,NA,NA,NA,0,NA,NA,NA,NA,NA,NA,NA,NA,NA,NA,NA,NA,NA,NA,NA,NA,NA,NA,NA,0.00,0.00,0.00,0.00,0.00,NA,NA,FALSE,DEAD
63,A2,BAR_gen-08,063_A2_BAR_gen-08_TempControl-7psu,yes,7psu,TempControl,4,33.6,0,NA,NA,NA,NA,NA,NA,NA,NA,NA,NA,NA,NA,NA,NA,NA,0,NA,NA,NA,NA,NA,NA,NA,NA,NA,NA,NA,NA,NA,NA,NA,NA,NA,NA,NA,0.00,0.00,0.00,0.00,0.00,NA,NA,FALSE,DEAD
64,A2,VAT_gen-08,064_A2_VAT_gen-08_TempControl-7psu,,7psu,TempControl,5,51.7,0,NA,NA,NA,NA,NA,NA,NA,NA,NA,NA,NA,NA,NA,NA,NA,0,NA,NA,NA,NA,NA,NA,NA,NA,NA,NA,NA,NA,NA,NA,NA,NA,NA,NA,NA,0.00,0.00,0.00,0.00,0.00,NA,NA,FALSE,DEAD
66,A3,KAL_gen-09,066_A3_KAL_gen-09_TempWarm-16psu,absolutely yes,16psu,TempWarm,6,56.5,0,NA,NA,NA,NA,NA,NA,NA,NA,NA,NA,NA,NA,NA,NA,NA,0,NA,NA,NA,NA,NA,NA,NA,NA,NA,NA,NA,NA,NA,NA,NA,NA,NA,NA,NA,0.00,0.00,0.00,0.00,0.00,NA,NA,FALSE,DEAD
71,A3,VAT_gen-09,071_A3_VAT_gen-09_TempWarm-16psu,,16psu,TempWarm,6,51.8,0,NA,NA,NA,NA,NA,NA,NA,NA,NA,NA,NA,NA,NA,NA,NA,0,NA,NA,NA,NA,NA,NA,NA,NA,NA,NA,NA,NA,NA,NA,NA,NA,NA,NA,NA,0.00,0.00,0.00,0.00,0.00,NA,NA,FALSE,DEAD
73,A3,KAL_gen-10,073_A3_KAL_gen-10_TempWarm-5psu,,5psu,TempWarm,5,78.0,0,NA,NA,NA,NA,NA,NA,NA,NA,NA,NA,NA,NA,NA,NA,NA,0,NA,NA,NA,NA,NA,NA,NA,NA,NA,NA,NA,NA,NA,NA,NA,NA,NA,NA,NA,0.00,0.00,0.00,0.00,0.00,NA,NA,FALSE,DEAD
74,A3,HOR_gen-10,074_A3_HOR_gen-10_TempWarm-5psu,,5psu,TempWarm,5,31.2,0,NA,NA,NA,NA,NA,NA,NA,NA,NA,NA,NA,NA,NA,NA,NA,0,NA,NA,NA,NA,NA,NA,NA,NA,NA,NA,NA,NA,NA,NA,NA,NA,NA,NA,NA,0.00,0.00,0.00,0.00,0.00,NA,NA,FALSE,DEAD
75,A3,VAT_gen-10,075_A3_VAT_gen-10_TempWarm-5psu,,5psu,TempWarm,5,58.5,0,NA,NA,NA,NA,NA,NA,NA,NA,NA,NA,NA,NA,NA,NA,NA,0,NA,NA,NA,NA,NA,NA,NA,NA,NA,NA,NA,NA,NA,NA,NA,NA,NA,NA,NA,0.00,0.00,0.00,0.00,0.00,NA,NA,FALSE,DEAD
76,A3,BAR_gen-10,076_A3_BAR_gen-10_TempWarm-5psu,absolutely yes,5psu,TempWarm,4,29.6,0,NA,NA,NA,NA,NA,NA,NA,NA,NA,NA,NA,NA,NA,NA,NA,0,NA,NA,NA,NA,NA,NA,NA,NA,NA,NA,NA,NA,NA,NA,NA,NA,NA,NA,NA,0.00,0.00,0.00,0.00,0.00,NA,NA,FALSE,DEAD
78,A3,KUR_gen-10,078_A3_KUR_gen-10_TempWarm-5psu,yes,5psu,TempWarm,5,17.3,0,NA,NA,NA,NA,NA,NA,NA,NA,NA,NA,NA,NA,NA,NA,NA,0,NA,NA,NA,NA,NA,NA,NA,NA,NA,NA,NA,NA,NA,NA,NA,NA,NA,NA,NA,0.00,0.00,0.00,0.00,0.00,NA,NA,FALSE,DEAD
79,A3,BJO_gen-10,079_A3_BJO_gen-10_TempWarm-5psu,,5psu,TempWarm,6,39.3,0,NA,NA,NA,NA,NA,NA,NA,NA,NA,NA,NA,NA,NA,NA,NA,0,NA,NA,NA,NA,NA,NA,NA,NA,NA,NA,NA,NA,NA,NA,NA,NA,NA,NA,NA,0.00,0.00,0.00,0.00,0.00,NA,NA,FALSE,DEAD
89,A3,HOG_gen-12,089_A3_HOG_gen-12_TempWarm-5psu,absolutely yes,5psu,TempWarm,5,32.5,0,NA,NA,NA,NA,NA,NA,NA,NA,NA,NA,NA,NA,NA,NA,NA,0,NA,NA,NA,NA,NA,NA,NA,NA,NA,NA,NA,NA,NA,NA,NA,NA,NA,NA,NA,0.00,0.00,0.00,0.00,0.00,NA,NA,FALSE,DEAD
91,A3,BJO_gen-12,091_A3_BJO_gen-12_TempWarm-5psu,absolutely yes,5psu,TempWarm,6,36.4,0,NA,NA,NA,NA,NA,NA,NA,NA,NA,NA,NA,NA,NA,NA,NA,0,NA,NA,NA,NA,NA,NA,NA,NA,NA,NA,NA,NA,NA,NA,NA,NA,NA,NA,NA,0.00,0.00,0.00,0.00,0.00,NA,NA,FALSE,DEAD
92,A3,KUR_gen-12,092_A3_KUR_gen-12_TempWarm-5psu,yes,5psu,TempWarm,5,11.6,0,NA,NA,NA,NA,NA,NA,NA,NA,NA,NA,NA,NA,NA,NA,NA,0,NA,NA,NA,NA,NA,NA,NA,NA,NA,NA,NA,NA,NA,NA,NA,NA,NA,NA,NA,0.00,0.00,0.00,0.00,0.00,NA,NA,FALSE,DEAD
93,A3,KAL_gen-12,093_A3_KAL_gen-12_TempWarm-5psu,,5psu,TempWarm,5,46.7,0,NA,NA,NA,NA,NA,NA,NA,NA,NA,NA,NA,NA,NA,NA,NA,0,NA,NA,NA,NA,NA,NA,NA,NA,NA,NA,NA,NA,NA,NA,NA,NA,NA,NA,NA,0.00,0.00,0.00,0.00,0.00,NA,NA,FALSE,DEAD
94,A3,VIK_gen-12,094_A3_VIK_gen-12_TempWarm-5psu,,5psu,TempWarm,5,49.5,0,NA,NA,NA,NA,NA,NA,NA,NA,NA,NA,NA,NA,NA,NA,NA,0,NA,NA,NA,NA,NA,NA,NA,NA,NA,NA,NA,NA,NA,NA,NA,NA,NA,NA,NA,0.00,0.00,0.00,0.00,0.00,NA,NA,FALSE,DEAD
95,A3,HOR_gen-12,095_A3_HOR_gen-12_TempWarm-5psu,yes,5psu,TempWarm,5,35.7,0,NA,NA,NA,NA,NA,NA,NA,NA,NA,NA,NA,NA,NA,NA,NA,0,NA,NA,NA,NA,NA,NA,NA,NA,NA,NA,NA,NA,NA,NA,NA,NA,NA,NA,NA,0.00,0.00,0.00,0.00,0.00,NA,NA,FALSE,DEAD
96,A3,VAT_gen-12,096_A3_VAT_gen-12_TempWarm-5psu,,5psu,TempWarm,5,44.5,0,NA,NA,NA,NA,NA,NA,NA,NA,NA,NA,NA,NA,NA,NA,NA,0,NA,NA,NA,NA,NA,NA,NA,NA,NA,NA,NA,NA,NA,NA,NA,NA,NA,NA,NA,0.00,0.00,0.00,0.00,0.00,NA,NA,FALSE,DEAD
103,A4,KAL_gen-13,103_A4_KAL_gen-13_TempWarm-16psu,,16psu,TempWarm,5,53.0,0,NA,NA,NA,NA,NA,NA,NA,NA,NA,NA,NA,NA,NA,NA,NA,0,NA,NA,NA,NA,NA,NA,NA,NA,NA,NA,NA,NA,NA,NA,NA,NA,NA,NA,NA,0.00,0.00,0.00,0.00,0.00,NA,NA,FALSE,DEAD
104,A4,KUR_gen-13,104_A4_KUR_gen-13_TempWarm-16psu,yes,16psu,TempWarm,4,17.4,0,NA,NA,NA,NA,NA,NA,NA,NA,NA,NA,NA,NA,NA,NA,NA,0,NA,NA,NA,NA,NA,NA,NA,NA,NA,NA,NA,NA,NA,NA,NA,NA,NA,NA,NA,0.00,0.00,0.00,0.00,0.00,NA,NA,FALSE,DEAD
105,A4,KAL_gen-14,105_A4_KAL_gen-14_TempWarm-5psu,,5psu,TempWarm,3,35.5,0,NA,NA,NA,NA,NA,NA,NA,NA,NA,NA,NA,NA,NA,NA,NA,0,NA,NA,NA,NA,NA,NA,NA,NA,NA,NA,NA,NA,NA,NA,NA,NA,NA,NA,NA,0.00,0.00,0.00,0.00,0.00,NA,NA,FALSE,DEAD
106,A4,VIK_gen-14,106_A4_VIK_gen-14_TempWarm-5psu,yes,5psu,TempWarm,6,31.8,0,NA,NA,NA,NA,NA,NA,NA,NA,NA,NA,NA,NA,NA,NA,NA,0,NA,NA,NA,NA,NA,NA,NA,NA,NA,NA,NA,NA,NA,NA,NA,NA,NA,NA,NA,0.00,0.00,0.00,0.00,0.00,NA,NA,FALSE,DEAD
107,A4,BJO_gen-14,107_A4_BJO_gen-14_TempWarm-5psu,yes,5psu,TempWarm,5,28.0,0,NA,NA,NA,NA,NA,NA,NA,NA,NA,NA,NA,NA,NA,NA,NA,0,NA,NA,NA,NA,NA,NA,NA,NA,NA,NA,NA,NA,NA,NA,NA,NA,NA,NA,NA,0.00,0.00,0.00,0.00,0.00,NA,NA,FALSE,DEAD
108,A4,KUR_gen-14,108_A4_KUR_gen-14_TempWarm-5psu,,5psu,TempWarm,5,17.8,0,NA,NA,NA,NA,NA,NA,NA,NA,NA,NA,NA,NA,NA,NA,NA,0,NA,NA,NA,NA,NA,NA,NA,NA,NA,NA,NA,NA,NA,NA,NA,NA,NA,NA,NA,0.00,0.00,0.00,0.00,0.00,NA,NA,FALSE,DEAD
109,A4,VAT_gen-14,109_A4_VAT_gen-14_TempWarm-5psu,,5psu,TempWarm,5,63.9,0,NA,NA,NA,NA,NA,NA,NA,NA,NA,NA,NA,NA,NA,NA,NA,0,NA,NA,NA,NA,NA,NA,NA,NA,NA,NA,NA,NA,NA,NA,NA,NA,NA,NA,NA,0.00,0.00,0.00,0.00,0.00,NA,NA,FALSE,DEAD
110,A4,BAR_gen-14,110_A4_BAR_gen-14_TempWarm-5psu,absolutely yes,5psu,TempWarm,5,31.6,0,NA,NA,NA,NA,NA,NA,NA,NA,NA,NA,NA,NA,NA,NA,NA,0,NA,NA,NA,NA,NA,NA,NA,NA,NA,NA,NA,NA,NA,NA,NA,NA,NA,NA,NA,0.00,0.00,0.00,0.00,0.00,NA,NA,FALSE,DEAD
111,A4,HOR_gen-14,111_A4_HOR_gen-14_TempWarm-5psu,,5psu,TempWarm,4,34.0,0,NA,NA,NA,NA,NA,NA,NA,NA,NA,NA,NA,NA,NA,NA,NA,0,NA,NA,NA,NA,NA,NA,NA,NA,NA,NA,NA,NA,NA,NA,NA,NA,NA,NA,NA,0.00,0.00,0.00,0.00,0.00,NA,NA,FALSE,DEAD
116,A4,HOR_gen-15,116_A4_HOR_gen-15_TempWarm-16psu,absolutely yes,16psu,TempWarm,4,25.3,0,NA,NA,NA,NA,NA,NA,NA,NA,NA,NA,NA,NA,NA,NA,NA,0,NA,NA,NA,NA,NA,NA,NA,NA,NA,NA,NA,NA,NA,NA,NA,NA,NA,NA,NA,0.00,0.00,0.00,0.00,0.00,NA,NA,FALSE,DEAD
119,A4,VAT_gen-15,119_A4_VAT_gen-15_TempWarm-16psu,yes,16psu,TempWarm,5,49.0,0,NA,NA,NA,NA,NA,NA,NA,NA,NA,NA,NA,NA,NA,NA,NA,0,NA,NA,NA,NA,NA,NA,NA,NA,NA,NA,NA,NA,NA,NA,NA,NA,NA,NA,NA,0.00,0.00,0.00,0.00,0.00,NA,NA,FALSE,DEAD
121,A4,HOR_gen-16,121_A4_HOR_gen-16_TempWarm-5psu,,5psu,TempWarm,5,29.8,0,NA,NA,NA,NA,NA,NA,NA,NA,NA,NA,NA,NA,NA,NA,NA,0,NA,NA,NA,NA,NA,NA,NA,NA,NA,NA,NA,NA,NA,NA,NA,NA,NA,NA,NA,0.00,0.00,0.00,0.00,0.00,NA,NA,FALSE,DEAD
122,A4,BJO_gen-16,122_A4_BJO_gen-16_TempWarm-5psu,absolutely yes,5psu,TempWarm,5,37.1,0,NA,NA,NA,NA,NA,NA,NA,NA,NA,NA,NA,NA,NA,NA,NA,0,NA,NA,NA,NA,NA,NA,NA,NA,NA,NA,NA,NA,NA,NA,NA,NA,NA,NA,NA,0.00,0.00,0.00,0.00,0.00,NA,NA,FALSE,DEAD
123,A4,KUR_gen-16,123_A4_KUR_gen-16_TempWarm-5psu,,5psu,TempWarm,4,20.8,0,NA,NA,NA,NA,NA,NA,NA,NA,NA,NA,NA,NA,NA,NA,NA,0,NA,NA,NA,NA,NA,NA,NA,NA,NA,NA,NA,NA,NA,NA,NA,NA,NA,NA,NA,0.00,0.00,0.00,0.00,0.00,NA,NA,FALSE,DEAD
125,A4,VAT_gen-16,125_A4_VAT_gen-16_TempWarm-5psu,,5psu,TempWarm,6,53.9,0,NA,NA,NA,NA,NA,NA,NA,NA,NA,NA,NA,NA,NA,NA,NA,0,NA,NA,NA,NA,NA,NA,NA,NA,NA,NA,NA,NA,NA,NA,NA,NA,NA,NA,NA,0.00,0.00,0.00,0.00,0.00,NA,NA,FALSE,DEAD
127,A4,BAR_gen-16,127_A4_BAR_gen-16_TempWarm-5psu,,5psu,TempWarm,5,40.5,0,NA,NA,NA,NA,NA,NA,NA,NA,NA,NA,NA,NA,NA,NA,NA,0,NA,NA,NA,NA,NA,NA,NA,NA,NA,NA,NA,NA,NA,NA,NA,NA,NA,NA,NA,0.00,0.00,0.00,0.00,0.00,NA,NA,FALSE,DEAD
128,A4,VIK_gen-16,128_A4_VIK_gen-16_TempWarm-5psu,,5psu,TempWarm,4,18.6,0,NA,NA,NA,NA,NA,NA,NA,NA,NA,NA,NA,NA,NA,NA,NA,0,NA,NA,NA,NA,NA,NA,NA,NA,NA,NA,NA,NA,NA,NA,NA,NA,NA,NA,NA,0.00,0.00,0.00,0.00,0.00,NA,NA,FALSE,DEAD
129,B1,BAR_gen-17,129_B1_BAR_gen-17_TempWarm-16psu,,16psu,TempWarm,6,39.2,0,NA,NA,NA,NA,NA,NA,NA,NA,NA,NA,NA,NA,NA,NA,NA,0,NA,NA,NA,NA,NA,NA,NA,NA,NA,NA,NA,NA,NA,NA,NA,NA,NA,NA,NA,0.00,0.00,0.00,0.00,0.00,NA,NA,FALSE,DEAD
130,B1,HOG_gen-17,130_B1_HOG_gen-17_TempWarm-16psu,,16psu,TempWarm,5,37.5,0,NA,NA,NA,NA,NA,NA,NA,NA,NA,NA,NA,NA,NA,NA,NA,0,NA,NA,NA,NA,NA,NA,NA,NA,NA,NA,NA,NA,NA,NA,NA,NA,NA,NA,NA,0.00,0.00,0.00,0.00,0.00,NA,NA,FALSE,DEAD
132,B1,VAT_gen-17,132_B1_VAT_gen-17_TempWarm-16psu,,16psu,TempWarm,5,49.2,0,NA,NA,NA,NA,NA,NA,NA,NA,NA,NA,NA,NA,NA,NA,NA,0,NA,NA,NA,NA,NA,NA,NA,NA,NA,NA,NA,NA,NA,NA,NA,NA,NA,NA,NA,0.00,0.00,0.00,0.00,0.00,NA,NA,FALSE,DEAD
137,B1,KAL_gen-18,137_B1_KAL_gen-18_TempWarm-5psu,,5psu,TempWarm,5,42.5,0,NA,NA,NA,NA,NA,NA,NA,NA,NA,NA,NA,NA,NA,NA,NA,0,NA,NA,NA,NA,NA,NA,NA,NA,NA,NA,NA,NA,NA,NA,NA,NA,NA,NA,NA,0.00,0.00,0.00,0.00,0.00,NA,NA,FALSE,DEAD
138,B1,BAR_gen-18,138_B1_BAR_gen-18_TempWarm-5psu,,5psu,TempWarm,5,24.7,0,NA,NA,NA,NA,NA,NA,NA,NA,NA,NA,NA,NA,NA,NA,NA,0,NA,NA,NA,NA,NA,NA,NA,NA,NA,NA,NA,NA,NA,NA,NA,NA,NA,NA,NA,0.00,0.00,0.00,0.00,0.00,NA,NA,FALSE,DEAD
139,B1,KUR_gen-18,139_B1_KUR_gen-18_TempWarm-5psu,absolutely yes,5psu,TempWarm,5,10.0,0,NA,NA,NA,NA,NA,NA,NA,NA,NA,NA,NA,NA,NA,NA,NA,0,NA,NA,NA,NA,NA,NA,NA,NA,NA,NA,NA,NA,NA,NA,NA,NA,NA,NA,NA,0.00,0.00,0.00,0.00,0.00,NA,NA,FALSE,DEAD
140,B1,HOR_gen-18,140_B1_HOR_gen-18_TempWarm-5psu,,5psu,TempWarm,5,33.0,0,NA,NA,NA,NA,NA,NA,NA,NA,NA,NA,NA,NA,NA,NA,NA,0,NA,NA,NA,NA,NA,NA,NA,NA,NA,NA,NA,NA,NA,NA,NA,NA,NA,NA,NA,0.00,0.00,0.00,0.00,0.00,NA,NA,FALSE,DEAD
141,B1,BJO_gen-18,141_B1_BJO_gen-18_TempWarm-5psu,yes,5psu,TempWarm,5,27.4,0,NA,NA,NA,NA,NA,NA,NA,NA,NA,NA,NA,NA,NA,NA,NA,0,NA,NA,NA,NA,NA,NA,NA,NA,NA,NA,NA,NA,NA,NA,NA,NA,NA,NA,NA,0.00,0.00,0.00,0.00,0.00,NA,NA,FALSE,DEAD
142,B1,VAT_gen-18,142_B1_VAT_gen-18_TempWarm-5psu,,5psu,TempWarm,5,27.7,0,NA,NA,NA,NA,NA,NA,NA,NA,NA,NA,NA,NA,NA,NA,NA,0,NA,NA,NA,NA,NA,NA,NA,NA,NA,NA,NA,NA,NA,NA,NA,NA,NA,NA,NA,0.00,0.00,0.00,0.00,0.00,NA,NA,FALSE,DEAD
143,B1,VIK_gen-18,143_B1_VIK_gen-18_TempWarm-5psu,,5psu,TempWarm,4,22.2,0,NA,NA,NA,NA,NA,NA,NA,NA,NA,NA,NA,NA,NA,NA,NA,0,NA,NA,NA,NA,NA,NA,NA,NA,NA,NA,NA,NA,NA,NA,NA,NA,NA,NA,NA,0.00,0.00,0.00,0.00,0.00,NA,NA,FALSE,DEAD
144,B1,HOG_gen-18,144_B1_HOG_gen-18_TempWarm-5psu,,5psu,TempWarm,5,31.3,0,NA,NA,NA,NA,NA,NA,NA,NA,NA,NA,NA,NA,NA,NA,NA,0,NA,NA,NA,NA,NA,NA,NA,NA,NA,NA,NA,NA,NA,NA,NA,NA,NA,NA,NA,0.00,0.00,0.00,0.00,0.00,NA,NA,FALSE,DEAD
149,B1,BAR_gen-19,149_B1_BAR_gen-19_TempWarm-16psu,yes,16psu,TempWarm,6,41.7,0,NA,NA,NA,NA,NA,NA,NA,NA,NA,NA,NA,NA,NA,NA,NA,0,NA,NA,NA,NA,NA,NA,NA,NA,NA,NA,NA,NA,NA,NA,NA,NA,NA,NA,NA,0.00,0.00,0.00,0.00,0.00,NA,NA,FALSE,DEAD
153,B1,KUR_gen-20,153_B1_KUR_gen-20_TempWarm-5psu,absolutely yes,5psu,TempWarm,6,20.4,0,NA,NA,NA,NA,NA,NA,NA,NA,NA,NA,NA,NA,NA,NA,NA,0,NA,NA,NA,NA,NA,NA,NA,NA,NA,NA,NA,NA,NA,NA,NA,NA,NA,NA,NA,0.00,0.00,0.00,0.00,0.00,NA,NA,FALSE,DEAD
154,B1,BAR_gen-20,154_B1_BAR_gen-20_TempWarm-5psu,yes,5psu,TempWarm,5,30.5,0,NA,NA,NA,NA,NA,NA,NA,NA,NA,NA,NA,NA,NA,NA,NA,0,NA,NA,NA,NA,NA,NA,NA,NA,NA,NA,NA,NA,NA,NA,NA,NA,NA,NA,NA,0.00,0.00,0.00,0.00,0.00,NA,NA,FALSE,DEAD
155,B1,BJO_gen-20,155_B1_BJO_gen-20_TempWarm-5psu,,5psu,TempWarm,4,30.5,0,NA,NA,NA,NA,NA,NA,NA,NA,NA,NA,NA,NA,NA,NA,NA,0,NA,NA,NA,NA,NA,NA,NA,NA,NA,NA,NA,NA,NA,NA,NA,NA,NA,NA,NA,0.00,0.00,0.00,0.00,0.00,NA,NA,FALSE,DEAD
156,B1,HOG_gen-20,156_B1_HOG_gen-20_TempWarm-5psu,,5psu,TempWarm,5,43.3,0,NA,NA,NA,NA,NA,NA,NA,NA,NA,NA,NA,NA,NA,NA,NA,0,NA,NA,NA,NA,NA,NA,NA,NA,NA,NA,NA,NA,NA,NA,NA,NA,NA,NA,NA,0.00,0.00,0.00,0.00,0.00,NA,NA,FALSE,DEAD
157,B1,VAT_gen-20,157_B1_VAT_gen-20_TempWarm-5psu,,5psu,TempWarm,6,52.5,0,NA,NA,NA,NA,NA,NA,NA,NA,NA,NA,NA,NA,NA,NA,NA,0,NA,NA,NA,NA,NA,NA,NA,NA,NA,NA,NA,NA,NA,NA,NA,NA,NA,NA,NA,0.00,0.00,0.00,0.00,0.00,NA,NA,FALSE,DEAD
158,B1,VIK_gen-20,158_B1_VIK_gen-20_TempWarm-5psu,,5psu,TempWarm,4,60.0,0,NA,NA,NA,NA,NA,NA,NA,NA,NA,NA,NA,NA,NA,NA,NA,0,NA,NA,NA,NA,NA,NA,NA,NA,NA,NA,NA,NA,NA,NA,NA,NA,NA,NA,NA,0.00,0.00,0.00,0.00,0.00,NA,NA,FALSE,DEAD
159,B1,KAL_gen-20,159_B1_KAL_gen-20_TempWarm-5psu,absolutely yes,5psu,TempWarm,4,58.0,0,NA,NA,NA,NA,NA,NA,NA,NA,NA,NA,NA,NA,NA,NA,NA,0,NA,NA,NA,NA,NA,NA,NA,NA,NA,NA,NA,NA,NA,NA,NA,NA,NA,NA,NA,0.00,0.00,0.00,0.00,0.00,NA,NA,FALSE,DEAD
160,B1,HOR_gen-20,160_B1_HOR_gen-20_TempWarm-5psu,,5psu,TempWarm,5,33.2,0,NA,NA,NA,NA,NA,NA,NA,NA,NA,NA,NA,NA,NA,NA,NA,0,NA,NA,NA,NA,NA,NA,NA,NA,NA,NA,NA,NA,NA,NA,NA,NA,NA,NA,NA,0.00,0.00,0.00,0.00,0.00,NA,NA,FALSE,DEAD
163,B2,VAT_gen-21,163_B2_VAT_gen-21_TempWarm-16psu,yes,16psu,TempWarm,5,44.4,0,NA,NA,NA,NA,NA,NA,NA,NA,NA,NA,NA,NA,NA,NA,NA,0,NA,NA,NA,NA,NA,NA,NA,NA,NA,NA,NA,NA,NA,NA,NA,NA,NA,NA,NA,0.00,0.00,0.00,0.00,0.00,NA,NA,FALSE,DEAD
164,B2,KAL_gen-21,164_B2_KAL_gen-21_TempWarm-16psu,yes,16psu,TempWarm,4,51.5,0,NA,NA,NA,NA,NA,NA,NA,NA,NA,NA,NA,NA,NA,NA,NA,0,NA,NA,NA,NA,NA,NA,NA,NA,NA,NA,NA,NA,NA,NA,NA,NA,NA,NA,NA,0.00,0.00,0.00,0.00,0.00,NA,NA,FALSE,DEAD
167,B2,BJO_gen-21,167_B2_BJO_gen-21_TempWarm-16psu,,16psu,TempWarm,5,36.8,0,NA,NA,NA,NA,NA,NA,NA,NA,NA,NA,NA,NA,NA,NA,NA,0,NA,NA,NA,NA,NA,NA,NA,NA,NA,NA,NA,NA,NA,NA,NA,NA,NA,NA,NA,0.00,0.00,0.00,0.00,0.00,NA,NA,FALSE,DEAD
170,B2,HOR_gen-22,170_B2_HOR_gen-22_TempWarm-5psu,yes,5psu,TempWarm,5,41.5,0,NA,NA,NA,NA,NA,NA,NA,NA,NA,NA,NA,NA,NA,NA,NA,0,NA,NA,NA,NA,NA,NA,NA,NA,NA,NA,NA,NA,NA,NA,NA,NA,NA,NA,NA,0.00,0.00,0.00,0.00,0.00,NA,NA,FALSE,DEAD
171,B2,VIK_gen-22,171_B2_VIK_gen-22_TempWarm-5psu,yes,5psu,TempWarm,4,27.5,0,NA,NA,NA,NA,NA,NA,NA,NA,NA,NA,NA,NA,NA,NA,NA,0,NA,NA,NA,NA,NA,NA,NA,NA,NA,NA,NA,NA,NA,NA,NA,NA,NA,NA,NA,0.00,0.00,0.00,0.00,0.00,NA,NA,FALSE,DEAD
172,B2,KUR_gen-22,172_B2_KUR_gen-22_TempWarm-5psu,,5psu,TempWarm,5,35.4,0,NA,NA,NA,NA,NA,NA,NA,NA,NA,NA,NA,NA,NA,NA,NA,0,NA,NA,NA,NA,NA,NA,NA,NA,NA,NA,NA,NA,NA,NA,NA,NA,NA,NA,NA,0.00,0.00,0.00,0.00,0.00,NA,NA,FALSE,DEAD
173,B2,BAR_gen-22,173_B2_BAR_gen-22_TempWarm-5psu,yes,5psu,TempWarm,4,67.5,0,NA,NA,NA,NA,NA,NA,NA,NA,NA,NA,NA,NA,NA,NA,NA,0,NA,NA,NA,NA,NA,NA,NA,NA,NA,NA,NA,NA,NA,NA,NA,NA,NA,NA,NA,0.00,0.00,0.00,0.00,0.00,NA,NA,FALSE,DEAD
174,B2,BJO_gen-22,174_B2_BJO_gen-22_TempWarm-5psu,,5psu,TempWarm,4,52.4,0,NA,NA,NA,NA,NA,NA,NA,NA,NA,NA,NA,NA,NA,NA,NA,0,NA,NA,NA,NA,NA,NA,NA,NA,NA,NA,NA,NA,NA,NA,NA,NA,NA,NA,NA,0.00,0.00,0.00,0.00,0.00,NA,NA,FALSE,DEAD
175,B2,VAT_gen-22,175_B2_VAT_gen-22_TempWarm-5psu,,5psu,TempWarm,6,45.3,0,NA,NA,NA,NA,NA,NA,NA,NA,NA,NA,NA,NA,NA,NA,NA,0,NA,NA,NA,NA,NA,NA,NA,NA,NA,NA,NA,NA,NA,NA,NA,NA,NA,NA,NA,0.00,0.00,0.00,0.00,0.00,NA,NA,FALSE,DEAD
185,B2,BJO_gen-24,185_B2_BJO_gen-24_TempWarm-5psu,yes,5psu,TempWarm,4,35.7,0,NA,NA,NA,NA,NA,NA,NA,NA,NA,NA,NA,NA,NA,NA,NA,0,NA,NA,NA,NA,NA,NA,NA,NA,NA,NA,NA,NA,NA,NA,NA,NA,NA,NA,NA,0.00,0.00,0.00,0.00,0.00,NA,NA,FALSE,DEAD
186,B2,KUR_gen-24,186_B2_KUR_gen-24_TempWarm-5psu,,5psu,TempWarm,4,18.8,0,NA,NA,NA,NA,NA,NA,NA,NA,NA,NA,NA,NA,NA,NA,NA,0,NA,NA,NA,NA,NA,NA,NA,NA,NA,NA,NA,NA,NA,NA,NA,NA,NA,NA,NA,0.00,0.00,0.00,0.00,0.00,NA,NA,FALSE,DEAD
187,B2,KAL_gen-24,187_B2_KAL_gen-24_TempWarm-5psu,,5psu,TempWarm,5,66.9,0,NA,NA,NA,NA,NA,NA,NA,NA,NA,NA,NA,NA,NA,NA,NA,0,NA,NA,NA,NA,NA,NA,NA,NA,NA,NA,NA,NA,NA,NA,NA,NA,NA,NA,NA,0.00,0.00,0.00,0.00,0.00,NA,NA,FALSE,DEAD
188,B2,HOR_gen-24,188_B2_HOR_gen-24_TempWarm-5psu,,5psu,TempWarm,5,39.8,0,NA,NA,NA,NA,NA,NA,NA,NA,NA,NA,NA,NA,NA,NA,NA,0,NA,NA,NA,NA,NA,NA,NA,NA,NA,NA,NA,NA,NA,NA,NA,NA,NA,NA,NA,0.00,0.00,0.00,0.00,0.00,NA,NA,FALSE,DEAD
189,B2,VAT_gen-24,189_B2_VAT_gen-24_TempWarm-5psu,,5psu,TempWarm,5,47.5,0,NA,NA,NA,NA,NA,NA,NA,NA,NA,NA,NA,NA,NA,NA,NA,0,NA,NA,NA,NA,NA,NA,NA,NA,NA,NA,NA,NA,NA,NA,NA,NA,NA,NA,NA,0.00,0.00,0.00,0.00,0.00,NA,NA,FALSE,DEAD
190,B2,VIK_gen-24,190_B2_VIK_gen-24_TempWarm-5psu,,5psu,TempWarm,4,31.0,0,NA,NA,NA,NA,NA,NA,NA,NA,NA,NA,NA,NA,NA,NA,NA,0,NA,NA,NA,NA,NA,NA,NA,NA,NA,NA,NA,NA,NA,NA,NA,NA,NA,NA,NA,0.00,0.00,0.00,0.00,0.00,NA,NA,FALSE,DEAD
192,B2,BAR_gen-24,192_B2_BAR_gen-24_TempWarm-5psu,,5psu,TempWarm,5,37.0,0,NA,NA,NA,NA,NA,NA,NA,NA,NA,NA,NA,NA,NA,NA,NA,0,NA,NA,NA,NA,NA,NA,NA,NA,NA,NA,NA,NA,NA,NA,NA,NA,NA,NA,NA,0.00,0.00,0.00,0.00,0.00,NA,NA,FALSE,DEAD
194,B3,KUR_gen-25,194_B3_KUR_gen-25_TempWarm-16psu,absolutely yes,16psu,TempWarm,4,20.5,0,NA,NA,NA,NA,NA,NA,NA,NA,NA,NA,NA,NA,NA,NA,NA,0,NA,NA,NA,NA,NA,NA,NA,NA,NA,NA,NA,NA,NA,NA,NA,NA,NA,NA,NA,0.00,0.00,0.00,0.00,0.00,NA,NA,FALSE,DEAD
195,B3,BJO_gen-25,195_B3_BJO_gen-25_TempWarm-16psu,yes,16psu,TempWarm,4,30.0,0,NA,NA,NA,NA,NA,NA,NA,NA,NA,NA,NA,NA,NA,NA,NA,0,NA,NA,NA,NA,NA,NA,NA,NA,NA,NA,NA,NA,NA,NA,NA,NA,NA,NA,NA,0.00,0.00,0.00,0.00,0.00,NA,NA,FALSE,DEAD
200,B3,VAT_gen-25,200_B3_VAT_gen-25_TempWarm-16psu,,16psu,TempWarm,4,67.5,0,NA,NA,NA,NA,NA,NA,NA,NA,NA,NA,NA,NA,NA,NA,NA,0,NA,NA,NA,NA,NA,NA,NA,NA,NA,NA,NA,NA,NA,NA,NA,NA,NA,NA,NA,0.00,0.00,0.00,0.00,0.00,NA,NA,FALSE,DEAD
201,B3,VAT_gen-26,201_B3_VAT_gen-26_TempWarm-5psu,,5psu,TempWarm,5,44.5,0,NA,NA,NA,NA,NA,NA,NA,NA,NA,NA,NA,NA,NA,NA,NA,0,NA,NA,NA,NA,NA,NA,NA,NA,NA,NA,NA,NA,NA,NA,NA,NA,NA,NA,NA,0.00,0.00,0.00,0.00,0.00,NA,NA,FALSE,DEAD
202,B3,BJO_gen-26,202_B3_BJO_gen-26_TempWarm-5psu,yes,5psu,TempWarm,4,24.6,0,NA,NA,NA,NA,NA,NA,NA,NA,NA,NA,NA,NA,NA,NA,NA,0,NA,NA,NA,NA,NA,NA,NA,NA,NA,NA,NA,NA,NA,NA,NA,NA,NA,NA,NA,0.00,0.00,0.00,0.00,0.00,NA,NA,FALSE,DEAD
203,B3,KUR_gen-26,203_B3_KUR_gen-26_TempWarm-5psu,yes,5psu,TempWarm,4,14.2,0,NA,NA,NA,NA,NA,NA,NA,NA,NA,NA,NA,NA,NA,NA,NA,0,NA,NA,NA,NA,NA,NA,NA,NA,NA,NA,NA,NA,NA,NA,NA,NA,NA,NA,NA,0.00,0.00,0.00,0.00,0.00,NA,NA,FALSE,DEAD
204,B3,HOG_gen-26,204_B3_HOG_gen-26_TempWarm-5psu,,5psu,TempWarm,5,53.0,0,NA,NA,NA,NA,NA,NA,NA,NA,NA,NA,NA,NA,NA,NA,NA,0,NA,NA,NA,NA,NA,NA,NA,NA,NA,NA,NA,NA,NA,NA,NA,NA,NA,NA,NA,0.00,0.00,0.00,0.00,0.00,NA,NA,FALSE,DEAD
205,B3,HOR_gen-26,205_B3_HOR_gen-26_TempWarm-5psu,,5psu,TempWarm,5,38.2,0,NA,NA,NA,NA,NA,NA,NA,NA,NA,NA,NA,NA,NA,NA,NA,0,NA,NA,NA,NA,NA,NA,NA,NA,NA,NA,NA,NA,NA,NA,NA,NA,NA,NA,NA,0.00,0.00,0.00,0.00,0.00,NA,NA,FALSE,DEAD
206,B3,KAL_gen-26,206_B3_KAL_gen-26_TempWarm-5psu,absolutely yes,5psu,TempWarm,5,53.5,0,NA,NA,NA,NA,NA,NA,NA,NA,NA,NA,NA,NA,NA,NA,NA,0,NA,NA,NA,NA,NA,NA,NA,NA,NA,NA,NA,NA,NA,NA,NA,NA,NA,NA,NA,0.00,0.00,0.00,0.00,0.00,NA,NA,FALSE,DEAD
207,B3,VIK_gen-26,207_B3_VIK_gen-26_TempWarm-5psu,,5psu,TempWarm,4,20.5,0,NA,NA,NA,NA,NA,NA,NA,NA,NA,NA,NA,NA,NA,NA,NA,0,NA,NA,NA,NA,NA,NA,NA,NA,NA,NA,NA,NA,NA,NA,NA,NA,NA,NA,NA,0.00,0.00,0.00,0.00,0.00,NA,NA,FALSE,DEAD
208,B3,BAR_gen-26,208_B3_BAR_gen-26_TempWarm-5psu,,5psu,TempWarm,5,47.5,0,NA,NA,NA,NA,NA,NA,NA,NA,NA,NA,NA,NA,NA,NA,NA,0,NA,NA,NA,NA,NA,NA,NA,NA,NA,NA,NA,NA,NA,NA,NA,NA,NA,NA,NA,0.00,0.00,0.00,0.00,0.00,NA,NA,FALSE,DEAD
213,B3,BJO_gen-27,213_B3_BJO_gen-27_TempWarm-16psu,absolutely yes,16psu,TempWarm,5,38.1,0,NA,NA,NA,NA,NA,NA,NA,NA,NA,NA,NA,NA,NA,NA,NA,0,NA,NA,NA,NA,NA,NA,NA,NA,NA,NA,NA,NA,NA,NA,NA,NA,NA,NA,NA,0.00,0.00,0.00,0.00,0.00,NA,NA,FALSE,DEAD
217,B3,KUR_gen-28,217_B3_KUR_gen-28_TempWarm-5psu,yes,5psu,TempWarm,5,21.4,0,NA,NA,NA,NA,NA,NA,NA,NA,NA,NA,NA,NA,NA,NA,NA,0,NA,NA,NA,NA,NA,NA,NA,NA,NA,NA,NA,NA,NA,NA,NA,NA,NA,NA,NA,0.00,0.00,0.00,0.00,0.00,NA,NA,FALSE,DEAD
218,B3,VAT_gen-28,218_B3_VAT_gen-28_TempWarm-5psu,,5psu,TempWarm,5,55.7,0,NA,NA,NA,NA,NA,NA,NA,NA,NA,NA,NA,NA,NA,NA,NA,0,NA,NA,NA,NA,NA,NA,NA,NA,NA,NA,NA,NA,NA,NA,NA,NA,NA,NA,NA,0.00,0.00,0.00,0.00,0.00,NA,NA,FALSE,DEAD
219,B3,BAR_gen-28,219_B3_BAR_gen-28_TempWarm-5psu,,5psu,TempWarm,4,31.3,0,NA,NA,NA,NA,NA,NA,NA,NA,NA,NA,NA,NA,NA,NA,NA,0,NA,NA,NA,NA,NA,NA,NA,NA,NA,NA,NA,NA,NA,NA,NA,NA,NA,NA,NA,0.00,0.00,0.00,0.00,0.00,NA,NA,FALSE,DEAD
220,B3,HOG_gen-28,220_B3_HOG_gen-28_TempWarm-5psu,,5psu,TempWarm,4,65.5,0,NA,NA,NA,NA,NA,NA,NA,NA,NA,NA,NA,NA,NA,NA,NA,0,NA,NA,NA,NA,NA,NA,NA,NA,NA,NA,NA,NA,NA,NA,NA,NA,NA,NA,NA,0.00,0.00,0.00,0.00,0.00,NA,NA,FALSE,DEAD
222,B3,VIK_gen-28,222_B3_VIK_gen-28_TempWarm-5psu,,5psu,TempWarm,4,18.5,0,NA,NA,NA,NA,NA,NA,NA,NA,NA,NA,NA,NA,NA,NA,NA,0,NA,NA,NA,NA,NA,NA,NA,NA,NA,NA,NA,NA,NA,NA,NA,NA,NA,NA,NA,0.00,0.00,0.00,0.00,0.00,NA,NA,FALSE,DEAD
223,B3,HOR_gen-28,223_B3_HOR_gen-28_TempWarm-5psu,,5psu,TempWarm,4,28.7,0,NA,NA,NA,NA,NA,NA,NA,NA,NA,NA,NA,NA,NA,NA,NA,0,NA,NA,NA,NA,NA,NA,NA,NA,NA,NA,NA,NA,NA,NA,NA,NA,NA,NA,NA,0.00,0.00,0.00,0.00,0.00,NA,NA,FALSE,DEAD
224,B3,BJO_gen-28,224_B3_BJO_gen-28_TempWarm-5psu,yes,5psu,TempWarm,4,37.0,0,NA,NA,NA,NA,NA,NA,NA,NA,NA,NA,NA,NA,NA,NA,NA,0,NA,NA,NA,NA,NA,NA,NA,NA,NA,NA,NA,NA,NA,NA,NA,NA,NA,NA,NA,0.00,0.00,0.00,0.00,0.00,NA,NA,FALSE,DEAD
227,B4,HOR_gen-29,227_B4_HOR_gen-29_TempWarm-16psu,,16psu,TempWarm,4,33.4,0,NA,NA,NA,NA,NA,NA,NA,NA,NA,NA,NA,NA,NA,NA,NA,0,NA,NA,NA,NA,NA,NA,NA,NA,NA,NA,NA,NA,NA,NA,NA,NA,NA,NA,NA,0.00,0.00,0.00,0.00,0.00,NA,NA,FALSE,DEAD
228,B4,VAT_gen-29,228_B4_VAT_gen-29_TempWarm-16psu,,16psu,TempWarm,4,26.4,0,NA,NA,NA,NA,NA,NA,NA,NA,NA,NA,NA,NA,NA,NA,NA,0,NA,NA,NA,NA,NA,NA,NA,NA,NA,NA,NA,NA,NA,NA,NA,NA,NA,NA,NA,0.00,0.00,0.00,0.00,0.00,NA,NA,FALSE,DEAD
229,B4,KUR_gen-29,229_B4_KUR_gen-29_TempWarm-16psu,,16psu,TempWarm,5,20.5,0,NA,NA,NA,NA,NA,NA,NA,NA,NA,NA,NA,NA,NA,NA,NA,0,NA,NA,NA,NA,NA,NA,NA,NA,NA,NA,NA,NA,NA,NA,NA,NA,NA,NA,NA,0.00,0.00,0.00,0.00,0.00,NA,NA,FALSE,DEAD
233,B4,BJO_gen-30,233_B4_BJO_gen-30_TempWarm-5psu,,5psu,TempWarm,4,40.0,0,NA,NA,NA,NA,NA,NA,NA,NA,NA,NA,NA,NA,NA,NA,NA,0,NA,NA,NA,NA,NA,NA,NA,NA,NA,NA,NA,NA,NA,NA,NA,NA,NA,NA,NA,0.00,0.00,0.00,0.00,0.00,NA,NA,FALSE,DEAD
234,B4,HOR_gen-30,234_B4_HOR_gen-30_TempWarm-5psu,,5psu,TempWarm,5,38.4,0,NA,NA,NA,NA,NA,NA,NA,NA,NA,NA,NA,NA,NA,NA,NA,0,NA,NA,NA,NA,NA,NA,NA,NA,NA,NA,NA,NA,NA,NA,NA,NA,NA,NA,NA,0.00,0.00,0.00,0.00,0.00,NA,NA,FALSE,DEAD
235,B4,BAR_gen-30,235_B4_BAR_gen-30_TempWarm-5psu,,5psu,TempWarm,5,27.8,0,NA,NA,NA,NA,NA,NA,NA,NA,NA,NA,NA,NA,NA,NA,NA,0,NA,NA,NA,NA,NA,NA,NA,NA,NA,NA,NA,NA,NA,NA,NA,NA,NA,NA,NA,0.00,0.00,0.00,0.00,0.00,NA,NA,FALSE,DEAD
236,B4,VAT_gen-30,236_B4_VAT_gen-30_TempWarm-5psu,,5psu,TempWarm,5,49.0,0,NA,NA,NA,NA,NA,NA,NA,NA,NA,NA,NA,NA,NA,NA,NA,0,NA,NA,NA,NA,NA,NA,NA,NA,NA,NA,NA,NA,NA,NA,NA,NA,NA,NA,NA,0.00,0.00,0.00,0.00,0.00,NA,NA,FALSE,DEAD
237,B4,VIK_gen-30,237_B4_VIK_gen-30_TempWarm-5psu,,5psu,TempWarm,4,35.1,0,NA,NA,NA,NA,NA,NA,NA,NA,NA,NA,NA,NA,NA,NA,NA,0,NA,NA,NA,NA,NA,NA,NA,NA,NA,NA,NA,NA,NA,NA,NA,NA,NA,NA,NA,0.00,0.00,0.00,0.00,0.00,NA,NA,FALSE,DEAD
238,B4,KAL_gen-30,238_B4_KAL_gen-30_TempWarm-5psu,,5psu,TempWarm,5,49.7,0,NA,NA,NA,NA,NA,NA,NA,NA,NA,NA,NA,NA,NA,NA,NA,0,NA,NA,NA,NA,NA,NA,NA,NA,NA,NA,NA,NA,NA,NA,NA,NA,NA,NA,NA,0.00,0.00,0.00,0.00,0.00,NA,NA,FALSE,DEAD
239,B4,KUR_gen-30,239_B4_KUR_gen-30_TempWarm-5psu,,5psu,TempWarm,4,14.8,0,NA,NA,NA,NA,NA,NA,NA,NA,NA,NA,NA,NA,NA,NA,NA,0,NA,NA,NA,NA,NA,NA,NA,NA,NA,NA,NA,NA,NA,NA,NA,NA,NA,NA,NA,0.00,0.00,0.00,0.00,0.00,NA,NA,FALSE,DEAD
240,B4,HOG_gen-30,240_B4_HOG_gen-30_TempWarm-5psu,,5psu,TempWarm,4,39.2,0,NA,NA,NA,NA,NA,NA,NA,NA,NA,NA,NA,NA,NA,NA,NA,0,NA,NA,NA,NA,NA,NA,NA,NA,NA,NA,NA,NA,NA,NA,NA,NA,NA,NA,NA,0.00,0.00,0.00,0.00,0.00,NA,NA,FALSE,DEAD
243,B4,KUR_gen-31,243_B4_KUR_gen-31_TempWarm-16psu,,16psu,TempWarm,4,32.3,0,NA,NA,NA,NA,NA,NA,NA,NA,NA,NA,NA,NA,NA,NA,NA,0,NA,NA,NA,NA,NA,NA,NA,NA,NA,NA,NA,NA,NA,NA,NA,NA,NA,NA,NA,0.00,0.00,0.00,0.00,0.00,NA,NA,FALSE,DEAD
244,B4,BAR_gen-31,244_B4_BAR_gen-31_TempWarm-16psu,yes,16psu,TempWarm,5,45.0,0,NA,NA,NA,NA,NA,NA,NA,NA,NA,NA,NA,NA,NA,NA,NA,0,NA,NA,NA,NA,NA,NA,NA,NA,NA,NA,NA,NA,NA,NA,NA,NA,NA,NA,NA,0.00,0.00,0.00,0.00,0.00,NA,NA,FALSE,DEAD
247,B4,VAT_gen-31,247_B4_VAT_gen-31_TempWarm-16psu,,16psu,TempWarm,5,40.5,0,NA,NA,NA,NA,NA,NA,NA,NA,NA,NA,NA,NA,NA,NA,NA,0,NA,NA,NA,NA,NA,NA,NA,NA,NA,NA,NA,NA,NA,NA,NA,NA,NA,NA,NA,0.00,0.00,0.00,0.00,0.00,NA,NA,FALSE,DEAD
249,B4,BAR_gen-32,249_B4_BAR_gen-32_TempWarm-5psu,,5psu,TempWarm,4,29.4,0,NA,NA,NA,NA,NA,NA,NA,NA,NA,NA,NA,NA,NA,NA,NA,0,NA,NA,NA,NA,NA,NA,NA,NA,NA,NA,NA,NA,NA,NA,NA,NA,NA,NA,NA,0.00,0.00,0.00,0.00,0.00,NA,NA,FALSE,DEAD
251,B4,VIK_gen-32,251_B4_VIK_gen-32_TempWarm-5psu,yes,5psu,TempWarm,5,28.0,0,NA,NA,NA,NA,NA,NA,NA,NA,NA,NA,NA,NA,NA,NA,NA,0,NA,NA,NA,NA,NA,NA,NA,NA,NA,NA,NA,NA,NA,NA,NA,NA,NA,NA,NA,0.00,0.00,0.00,0.00,0.00,NA,NA,FALSE,DEAD
252,B4,VAT_gen-32,252_B4_VAT_gen-32_TempWarm-5psu,,5psu,TempWarm,4,39.0,0,NA,NA,NA,NA,NA,NA,NA,NA,NA,NA,NA,NA,NA,NA,NA,0,NA,NA,NA,NA,NA,NA,NA,NA,NA,NA,NA,NA,NA,NA,NA,NA,NA,NA,NA,0.00,0.00,0.00,0.00,0.00,NA,NA,FALSE,DEAD
253,B4,BJO_gen-32,253_B4_BJO_gen-32_TempWarm-5psu,yes,5psu,TempWarm,4,26.0,0,NA,NA,NA,NA,NA,NA,NA,NA,NA,NA,NA,NA,NA,NA,NA,0,NA,NA,NA,NA,NA,NA,NA,NA,NA,NA,NA,NA,NA,NA,NA,NA,NA,NA,NA,0.00,0.00,0.00,0.00,0.00,NA,NA,FALSE,DEAD
254,B4,KUR_gen-32,254_B4_KUR_gen-32_TempWarm-5psu,,5psu,TempWarm,4,18.5,0,NA,NA,NA,NA,NA,NA,NA,NA,NA,NA,NA,NA,NA,NA,NA,0,NA,NA,NA,NA,NA,NA,NA,NA,NA,NA,NA,NA,NA,NA,NA,NA,NA,NA,NA,0.00,0.00,0.00,0.00,0.00,NA,NA,FALSE,DEAD
256,B4,HOR_gen-32,256_B4_HOR_gen-32_TempWarm-5psu,yes,5psu,TempWarm,5,25.8,0,NA,NA,NA,NA,NA,NA,NA,NA,NA,NA,NA,NA,NA,NA,NA,0,NA,NA,NA,NA,NA,NA,NA,NA,NA,NA,NA,NA,NA,NA,NA,NA,NA,NA,NA,0.00,0.00,0.00,0.00,0.00,NA,NA,FALSE,DEAD
267,C1,BJO_gen-34,267_C1_BJO_gen-34_TempControl-7psu,,7psu,TempControl,4,32.0,0,NA,NA,NA,NA,NA,NA,NA,NA,NA,NA,NA,NA,NA,NA,NA,0,NA,NA,NA,NA,NA,NA,NA,NA,NA,NA,NA,NA,NA,NA,NA,NA,NA,NA,NA,0.00,0.00,0.00,0.00,0.00,NA,NA,FALSE,DEAD
268,C1,BAR_gen-34,268_C1_BAR_gen-34_TempControl-7psu,,7psu,TempControl,5,50.0,0,NA,NA,NA,NA,NA,NA,NA,NA,NA,NA,NA,NA,NA,NA,NA,0,NA,NA,NA,NA,NA,NA,NA,NA,NA,NA,NA,NA,NA,NA,NA,NA,NA,NA,NA,0.00,0.00,0.00,0.00,0.00,NA,NA,FALSE,DEAD
270,C1,HOR_gen-34,270_C1_HOR_gen-34_TempControl-7psu,,7psu,TempControl,5,33.0,0,NA,NA,NA,NA,NA,NA,NA,NA,NA,NA,NA,NA,NA,NA,NA,0,NA,NA,NA,NA,NA,NA,NA,NA,NA,NA,NA,NA,NA,NA,NA,NA,NA,NA,NA,0.00,0.00,0.00,0.00,0.00,NA,NA,FALSE,DEAD
271,C1,KUR_gen-34,271_C1_KUR_gen-34_TempControl-7psu,,7psu,TempControl,5,23.7,0,NA,NA,NA,NA,NA,NA,NA,NA,NA,NA,NA,NA,NA,NA,NA,0,NA,NA,NA,NA,NA,NA,NA,NA,NA,NA,NA,NA,NA,NA,NA,NA,NA,NA,NA,0.00,0.00,0.00,0.00,0.00,NA,NA,FALSE,DEAD
272,C1,KAL_gen-34,272_C1_KAL_gen-34_TempControl-7psu,,7psu,TempControl,5,49.7,0,NA,NA,NA,NA,NA,NA,NA,NA,NA,NA,NA,NA,NA,NA,NA,0,NA,NA,NA,NA,NA,NA,NA,NA,NA,NA,NA,NA,NA,NA,NA,NA,NA,NA,NA,0.00,0.00,0.00,0.00,0.00,NA,NA,FALSE,DEAD
273,C1,VAT_gen-35,273_C1_VAT_gen-35_TempControl-21psu,yes,21psu,TempControl,5,40.3,0,NA,NA,NA,NA,NA,NA,NA,NA,NA,NA,NA,NA,NA,NA,NA,0,NA,NA,NA,NA,NA,NA,NA,NA,NA,NA,NA,NA,NA,NA,NA,NA,NA,NA,NA,0.00,0.00,0.00,0.00,0.00,NA,NA,FALSE,DEAD
281,C1,KUR_gen-36,281_C1_KUR_gen-36_TempControl-7psu,yes,7psu,TempControl,5,22.2,0,NA,NA,NA,NA,NA,NA,NA,NA,NA,NA,NA,NA,NA,NA,NA,0,NA,NA,NA,NA,NA,NA,NA,NA,NA,NA,NA,NA,NA,NA,NA,NA,NA,NA,NA,0.00,0.00,0.00,0.00,0.00,NA,NA,FALSE,DEAD
285,C1,BJO_gen-36,285_C1_BJO_gen-36_TempControl-7psu,yes,7psu,TempControl,5,17.5,0,NA,NA,NA,NA,NA,NA,NA,NA,NA,NA,NA,NA,NA,NA,NA,0,NA,NA,NA,NA,NA,NA,NA,NA,NA,NA,NA,NA,NA,NA,NA,NA,NA,NA,NA,0.00,0.00,0.00,0.00,0.00,NA,NA,FALSE,DEAD
288,C1,BAR_gen-36,288_C1_BAR_gen-36_TempControl-7psu,absolutely yes,7psu,TempControl,5,21.5,0,NA,NA,NA,NA,NA,NA,NA,NA,NA,NA,NA,NA,NA,NA,NA,0,NA,NA,NA,NA,NA,NA,NA,NA,NA,NA,NA,NA,NA,NA,NA,NA,NA,NA,NA,0.00,0.00,0.00,0.00,0.00,NA,NA,FALSE,DEAD
299,C2,HOR_gen-38,299_C2_HOR_gen-38_TempControl-7psu,,7psu,TempControl,5,37.7,0,NA,NA,NA,NA,NA,NA,NA,NA,NA,NA,NA,NA,NA,NA,NA,0,NA,NA,NA,NA,NA,NA,NA,NA,NA,NA,NA,NA,NA,NA,NA,NA,NA,NA,NA,0.00,0.00,0.00,0.00,0.00,NA,NA,FALSE,DEAD
301,C2,BAR_gen-38,301_C2_BAR_gen-38_TempControl-7psu,yes,7psu,TempControl,4,35.7,0,NA,NA,NA,NA,NA,NA,NA,NA,NA,NA,NA,NA,NA,NA,NA,0,NA,NA,NA,NA,NA,NA,NA,NA,NA,NA,NA,NA,NA,NA,NA,NA,NA,NA,NA,0.00,0.00,0.00,0.00,0.00,NA,NA,FALSE,DEAD
313,C2,VAT_gen-40,313_C2_VAT_gen-40_TempControl-7psu,absolutely yes,7psu,TempControl,5,51.0,0,NA,NA,NA,NA,NA,NA,NA,NA,NA,NA,NA,NA,NA,NA,NA,0,NA,NA,NA,NA,NA,NA,NA,NA,NA,NA,NA,NA,NA,NA,NA,NA,NA,NA,NA,0.00,0.00,0.00,0.00,0.00,NA,NA,FALSE,DEAD
318,C2,HOG_gen-40,318_C2_HOG_gen-40_TempControl-7psu,yes,7psu,TempControl,5,57.5,0,NA,NA,NA,NA,NA,NA,NA,NA,NA,NA,NA,NA,NA,NA,NA,0,NA,NA,NA,NA,NA,NA,NA,NA,NA,NA,NA,NA,NA,NA,NA,NA,NA,NA,NA,0.00,0.00,0.00,0.00,0.00,NA,NA,FALSE,DEAD
330,C3,HOG_gen-42,330_C3_HOG_gen-42_TempControl-7psu,,7psu,TempControl,5,42.6,0,NA,NA,NA,NA,NA,NA,NA,NA,NA,NA,NA,NA,NA,NA,NA,0,NA,NA,NA,NA,NA,NA,NA,NA,NA,NA,NA,NA,NA,NA,NA,NA,NA,NA,NA,0.00,0.00,0.00,0.00,0.00,NA,NA,FALSE,DEAD
334,C3,BJO_gen-42,334_C3_BJO_gen-42_TempControl-7psu,,7psu,TempControl,4,32.2,0,NA,NA,NA,NA,NA,NA,NA,NA,NA,NA,NA,NA,NA,NA,NA,0,NA,NA,NA,NA,NA,NA,NA,NA,NA,NA,NA,NA,NA,NA,NA,NA,NA,NA,NA,0.00,0.00,0.00,0.00,0.00,NA,NA,FALSE,DEAD
345,C3,KUR_gen-44,345_C3_KUR_gen-44_TempControl-7psu,,7psu,TempControl,5,20.8,0,NA,NA,NA,NA,NA,NA,NA,NA,NA,NA,NA,NA,NA,NA,NA,0,NA,NA,NA,NA,NA,NA,NA,NA,NA,NA,NA,NA,NA,NA,NA,NA,NA,NA,NA,0.00,0.00,0.00,0.00,0.00,NA,NA,FALSE,DEAD
346,C3,BJO_gen-44,346_C3_BJO_gen-44_TempControl-7psu,,7psu,TempControl,3,37.4,0,NA,NA,NA,NA,NA,NA,NA,NA,NA,NA,NA,NA,NA,NA,NA,0,NA,NA,NA,NA,NA,NA,NA,NA,NA,NA,NA,NA,NA,NA,NA,NA,NA,NA,NA,0.00,0.00,0.00,0.00,0.00,NA,NA,FALSE,DEAD
351,C3,VAT_gen-44,351_C3_VAT_gen-44_TempControl-7psu,,7psu,TempControl,6,63.0,0,NA,NA,NA,NA,NA,NA,NA,NA,NA,NA,NA,NA,NA,NA,NA,0,NA,NA,NA,NA,NA,NA,NA,NA,NA,NA,NA,NA,NA,NA,NA,NA,NA,NA,NA,0.00,0.00,0.00,0.00,0.00,NA,NA,FALSE,DEAD
367,C4,VIK_gen-46,367_C4_VIK_gen-46_TempControl-7psu,yes,7psu,TempControl,4,36.2,0,NA,NA,NA,NA,NA,NA,NA,NA,NA,NA,NA,NA,NA,NA,NA,0,NA,NA,NA,NA,NA,NA,NA,NA,NA,NA,NA,NA,NA,NA,NA,NA,NA,NA,NA,0.00,0.00,0.00,0.00,0.00,NA,NA,FALSE,DEAD
368,C4,HOR_gen-46,368_C4_HOR_gen-46_TempControl-7psu,,7psu,TempControl,4,59.8,0,NA,NA,NA,NA,NA,NA,NA,NA,NA,NA,NA,NA,NA,NA,NA,0,NA,NA,NA,NA,NA,NA,NA,NA,NA,NA,NA,NA,NA,NA,NA,NA,NA,NA,NA,0.00,0.00,0.00,0.00,0.00,NA,NA,FALSE,DEAD
379,C4,BAR_gen-48,379_C4_BAR_gen-48_TempControl-7psu,,7psu,TempControl,4,32.7,0,NA,NA,NA,NA,NA,NA,NA,NA,NA,NA,NA,NA,NA,NA,NA,0,NA,NA,NA,NA,NA,NA,NA,NA,NA,NA,NA,NA,NA,NA,NA,NA,NA,NA,NA,0.00,0.00,0.00,0.00,0.00,NA,NA,FALSE,DEAD
381,C4,HOR_gen-48,381_C4_HOR_gen-48_TempControl-7psu,,7psu,TempControl,5,45.5,0,NA,NA,NA,NA,NA,NA,NA,NA,NA,NA,NA,NA,NA,NA,NA,0,NA,NA,NA,NA,NA,NA,NA,NA,NA,NA,NA,NA,NA,NA,NA,NA,NA,NA,NA,0.00,0.00,0.00,0.00,0.00,NA,NA,FALSE,DEAD
384,C4,BJO_gen-48,384_C4_BJO_gen-48_TempControl-7psu,yes,7psu,TempControl,4,32.5,0,NA,NA,NA,NA,NA,NA,NA,NA,NA,NA,NA,NA,NA,NA,NA,0,NA,NA,NA,NA,NA,NA,NA,NA,NA,NA,NA,NA,NA,NA,NA,NA,NA,NA,NA,0.00,0.00,0.00,0.00,0.00,NA,NA,FALSE,DEAD