setupKey,setupLabel,bagKey,setupTimestamp,nbr_leaves,sideShoot,nbr_sideShootLeaves,length_longest_leaf,leaf_width_hole,weight,IsBlackLesions,IsDNAsample,IsHole,Notes,setupImage,useremail
bc5b83e1,07/03/2024 09:04:25,F054C074,7/3/2024 9:04:25,4,FALSE,0,29.5,NA,1.42,TRUE,TRUE,TRUE,,Setup_Images/bc5b83e1.setupImage.071039.jpg,camillerumberger11@gmail.com
d41ef99d,07/03/2024 09:11:53,F054C074,7/3/2024 9:11:53,5,FALSE,0,21.5,NA,1.11,FALSE,TRUE,TRUE,,Setup_Images/d41ef99d.setupImage.071411.jpg,camillerumberger11@gmail.com
d78fa9a5,07/03/2024 09:14:53,F054C074,7/3/2024 9:14:53,5,FALSE,0,11.7,NA,1.23,FALSE,TRUE,TRUE,,Setup_Images/d78fa9a5.setupImage.071640.jpg,camillerumberger11@gmail.com
4c73a0dc,PRACTICE07/03/2024 09:18:13,F054C074,7/3/2024 9:18:13,5,FALSE,0,35.5,NA,1.86,FALSE,TRUE,TRUE,,Setup_Images/4c73a0dc.setupImage.072007.jpg,camillerumberger11@gmail.com
2b387ec8,PRACTICE07/03/2024 09:20:20,F054C074,7/3/2024 9:20:20,4,FALSE,0,26,NA,1.66,FALSE,TRUE,TRUE,,Setup_Images/2b387ec8.setupImage.072301.jpg,camillerumberger11@gmail.com
5b0ba144,PRACTICE07/03/2024 09:23:02,F054C074,7/3/2024 9:23:02,8,TRUE,2,35.6,NA,4.18,FALSE,TRUE,TRUE,,Setup_Images/5b0ba144.setupImage.072748.jpg,camillerumberger11@gmail.com
c17c4d6b,003_A1_BAR_gen-01_TempControl-21psu07/04/2024 07:14:00,A622BDC6,7/4/2024 7:14:00,5,FALSE,0,36.5,NA,1.78,FALSE,TRUE,TRUE,,Setup_Images/c17c4d6b.setupImage.051600.jpg,camillerumberger11@gmail.com
066ae7d9,016_A1_BAR_gen-02_TempControl-7psu07/04/2024 07:17:27,7CEB63EA,7/4/2024 7:17:27,4,FALSE,0,26,NA,1.57,FALSE,TRUE,TRUE,picture not saving,,camillerumberger11@gmail.com
dd5a123e,021_A1_BAR_gen-03_TempControl-21psu07/04/2024 07:17:51,7150E0DB,7/4/2024 7:17:51,5,FALSE,0,37,NA,1.51,FALSE,TRUE,TRUE,,Setup_Images/dd5a123e.setupImage.052024.jpg,camillerumberger11@gmail.com
e0424209,028_A1_BAR_gen-04_TempControl-7psu07/04/2024 07:19:58,BB0780DF,7/4/2024 7:19:58,5,FALSE,0,30.7,NA,1.56,FALSE,TRUE,TRUE,,Setup_Images/e0424209.setupImage.052212.jpg,camillerumberger11@gmail.com
22abc6b9,038_A2_BAR_gen-05_TempControl-21psu07/04/2024 07:21:39,8E10126B,7/4/2024 7:21:39,4,FALSE,0,39.5,NA,1.78,TRUE,TRUE,TRUE,,Setup_Images/22abc6b9.setupImage.052347.jpg,camillerumberger11@gmail.com
b9028b6c,045_A2_BAR_gen-06_TempControl-7psu07/04/2024 07:22:54,D9E7C45A,7/4/2024 7:22:54,4,FALSE,0,66,NA,1.52,FALSE,TRUE,TRUE,,Setup_Images/b9028b6c.setupImage.052512.jpg,camillerumberger11@gmail.com
7c95b891,056_A2_BAR_gen-07_TempControl-21psu07/04/2024 07:24:40,7A7B2461,7/4/2024 7:24:40,4,FALSE,0,36,NA,1.6,FALSE,TRUE,TRUE,picture not saving,,camillerumberger11@gmail.com
69977c1e,063_A2_BAR_gen-08_TempControl-7psu07/04/2024 07:26:19,95923563,7/4/2024 7:26:19,4,FALSE,0,33.6,NA,2.4,FALSE,TRUE,TRUE,,Setup_Images/69977c1e.setupImage.052808.jpg,camillerumberger11@gmail.com
f8483d99,070_A3_BAR_gen-09_TempWarm-16psu07/04/2024 07:28:16,9DD26146,7/4/2024 7:28:16,4,FALSE,0,45.7,NA,2.62,FALSE,TRUE,TRUE,,Setup_Images/f8483d99.setupImage.052947.jpg,camillerumberger11@gmail.com
d8b926c6,076_A3_BAR_gen-10_TempWarm-5psu07/04/2024 07:29:33,7A882DEA,7/4/2024 7:29:33,4,FALSE,0,29.6,NA,1.1,FALSE,TRUE,TRUE,,Setup_Images/d8b926c6.setupImage.053038.jpg,camillerumberger11@gmail.com
bbd91b4d,083_A3_BAR_gen-11_TempWarm-16psu07/04/2024 07:31:27,B66B32E2,7/4/2024 7:31:27,5,FALSE,0,37,NA,1.93,FALSE,TRUE,TRUE,,Setup_Images/bbd91b4d.setupImage.053218.jpg,camillerumberger11@gmail.com
0386a6b9,090_A3_BAR_gen-12_TempWarm-5psu07/04/2024 07:33:09,C5A68D33,7/4/2024 7:33:09,6,TRUE,2,38,NA,1.9,TRUE,TRUE,TRUE,picture not saving,,camillerumberger11@gmail.com
836a9641,100_A4_BAR_gen-13_TempWarm-16psu07/04/2024 07:35:14,97E60232,7/4/2024 7:35:14,4,FALSE,0,33,NA,2.33,FALSE,TRUE,TRUE,,Setup_Images/836a9641.setupImage.053647.jpg,camillerumberger11@gmail.com
3c497dac,110_A4_BAR_gen-14_TempWarm-5psu07/04/2024 07:36:52,907867F8,7/4/2024 7:36:52,5,TRUE,2,31.6,NA,1.96,FALSE,TRUE,TRUE,,Setup_Images/3c497dac.setupImage.053849.jpg,camillerumberger11@gmail.com
1010e62f,114_A4_BAR_gen-15_TempWarm-16psu07/04/2024 07:38:30,165AB158,7/4/2024 7:38:30,5,FALSE,0,35,NA,1.67,FALSE,TRUE,TRUE,,Setup_Images/1010e62f.setupImage.054019.jpg,camillerumberger11@gmail.com
b5cdf079,127_A4_BAR_gen-16_TempWarm-5psu07/04/2024 07:40:01,80D13F8D,7/4/2024 7:40:01,5,FALSE,0,40.5,NA,2.76,FALSE,TRUE,TRUE,,Setup_Images/b5cdf079.setupImage.054141.jpg,camillerumberger11@gmail.com
11c877f3,129_B1_BAR_gen-17_TempWarm-16psu07/04/2024 07:41:50,E21EC2FC,7/4/2024 7:41:50,6,TRUE,2,39.2,NA,2.19,TRUE,TRUE,TRUE,,Setup_Images/11c877f3.setupImage.054350.jpg,camillerumberger11@gmail.com
610d41ad,138_B1_BAR_gen-18_TempWarm-5psu07/04/2024 07:43:58,6D28C642,7/4/2024 7:43:58,5,FALSE,0,24.7,NA,1.4,FALSE,TRUE,TRUE,,Setup_Images/610d41ad.setupImage.054531.jpg,camillerumberger11@gmail.com
a34978c7,149_B1_BAR_gen-19_TempWarm-16psu07/04/2024 07:45:09,D054476E,7/4/2024 7:45:09,6,TRUE,1,41.7,NA,2.08,FALSE,TRUE,TRUE,,Setup_Images/a34978c7.setupImage.054706.jpg,camillerumberger11@gmail.com
dec8d1da,154_B1_BAR_gen-20_TempWarm-5psu07/04/2024 07:47:09,9AB415E6,7/4/2024 7:47:09,5,FALSE,0,30.5,NA,1.21,FALSE,TRUE,TRUE,,Setup_Images/dec8d1da.setupImage.054910.jpg,camillerumberger11@gmail.com
aa877383,161_B2_BAR_gen-21_TempWarm-16psu07/04/2024 07:48:56,009F4461,7/4/2024 7:48:56,4,FALSE,0,39.5,NA,2.09,FALSE,TRUE,TRUE,,Setup_Images/aa877383.setupImage.055119.jpg,camillerumberger11@gmail.com
6795a9e0,173_B2_BAR_gen-22_TempWarm-5psu07/04/2024 07:51:06,A360A4BC,7/4/2024 7:51:06,4,FALSE,0,67.5,NA,3.54,FALSE,TRUE,TRUE,,Setup_Images/6795a9e0.setupImage.055230.jpg,camillerumberger11@gmail.com
61a9c776,182_B2_BAR_gen-23_TempWarm-16psu07/04/2024 07:52:33,42D822BF,7/4/2024 7:52:33,4,FALSE,0,37,NA,1.48,FALSE,TRUE,TRUE,,Setup_Images/61a9c776.setupImage.055446.jpg,camillerumberger11@gmail.com
f769dedb,192_B2_BAR_gen-24_TempWarm-5psu07/04/2024 07:54:31,E8864319,7/4/2024 7:54:31,5,FALSE,0,37,NA,2.82,FALSE,TRUE,TRUE,,Setup_Images/f769dedb.setupImage.055547.jpg,camillerumberger11@gmail.com
53ed77f4,008_A1_BJO_gen-01_TempControl-21psu07/04/2024 08:07:53,6A6DBE63,7/4/2024 8:07:53,5,TRUE,2,26.7,NA,2.69,TRUE,TRUE,TRUE,,Setup_Images/53ed77f4.setupImage.061013.jpg,camillerumberger11@gmail.com
e1f80995,011_A1_BJO_gen-02_TempControl-7psu07/04/2024 08:09:49,7350357C,7/4/2024 8:09:49,6,TRUE,2,43.5,NA,2.99,FALSE,TRUE,TRUE,,Setup_Images/e1f80995.setupImage.061224.jpg,camillerumberger11@gmail.com
29211ef7,020_A1_BJO_gen-03_TempControl-21psu07/04/2024 08:12:15,BCAC6342,7/4/2024 8:12:15,6,TRUE,2,41,NA,3.48,FALSE,TRUE,TRUE,,Setup_Images/29211ef7.setupImage.061343.jpg,camillerumberger11@gmail.com
cb09696d,032_A1_BJO_gen-04_TempControl-7psu07/04/2024 08:14:02,8E61A8D8,7/4/2024 8:14:02,5,FALSE,0,39.5,NA,3.07,FALSE,TRUE,TRUE,,Setup_Images/cb09696d.setupImage.061509.jpg,camillerumberger11@gmail.com
ec00515f,036_A2_BJO_gen-05_TempControl-21psu07/04/2024 08:15:17,07A21C15,7/4/2024 8:15:17,6,TRUE,2,38.2,NA,2.67,FALSE,TRUE,TRUE,,Setup_Images/ec00515f.setupImage.061739.jpg,camillerumberger11@gmail.com
7955f6a7,043_A2_BJO_gen-06_TempControl-7psu07/04/2024 08:17:31,1C0011C4,7/4/2024 8:17:31,5,FALSE,0,42.5,NA,3.31,FALSE,TRUE,TRUE,,Setup_Images/7955f6a7.setupImage.061907.jpg,camillerumberger11@gmail.com
713dc2e2,050_A2_BJO_gen-07_TempControl-21psu07/04/2024 08:18:36,DA48EA5D,7/4/2024 8:18:36,4,FALSE,0,34,NA,2.65,FALSE,TRUE,TRUE,,Setup_Images/713dc2e2.setupImage.062014.jpg,camillerumberger11@gmail.com
45c5d04d,058_A2_BJO_gen-08_TempControl-7psu07/04/2024 08:20:11,CB7DCA43,7/4/2024 8:20:11,6,TRUE,2,34.5,NA,3.37,FALSE,TRUE,TRUE,,Setup_Images/45c5d04d.setupImage.062121.jpg,camillerumberger11@gmail.com
e05e7db5,069_A3_BJO_gen-09_TempWarm-16psu07/04/2024 08:21:51,5ACBB993,7/4/2024 8:21:51,6,FALSE,0,36.7,NA,2.97,FALSE,TRUE,TRUE,,Setup_Images/e05e7db5.setupImage.062325.jpg,camillerumberger11@gmail.com
2a78410b,079_A3_BJO_gen-10_TempWarm-5psu07/04/2024 08:23:29,2314F740,7/4/2024 8:23:29,6,TRUE,2,39.3,NA,2.66,FALSE,TRUE,TRUE,,Setup_Images/2a78410b.setupImage.062519.jpg,camillerumberger11@gmail.com
851c7f7f,082_A3_BJO_gen-11_TempWarm-16psu07/04/2024 08:25:02,A87C20E7,7/4/2024 8:25:02,6,TRUE,2,35,NA,2.87,TRUE,TRUE,TRUE,,Setup_Images/851c7f7f.setupImage.062650.jpg,camillerumberger11@gmail.com
3b53e339,091_A3_BJO_gen-12_TempWarm-5psu07/04/2024 08:26:45,9BDBC70E,7/4/2024 8:26:45,6,TRUE,2,36.4,NA,3.58,FALSE,TRUE,TRUE,,Setup_Images/3b53e339.setupImage.062754.jpg,camillerumberger11@gmail.com
97271c2f,098_A4_BJO_gen-13_TempWarm-16psu07/04/2024 08:27:57,5B5747E3,7/4/2024 8:27:57,7,TRUE,2,33,NA,3.33,FALSE,TRUE,TRUE,,Setup_Images/97271c2f.setupImage.062936.jpg,camillerumberger11@gmail.com
92e1efce,107_A4_BJO_gen-14_TempWarm-5psu07/04/2024 08:29:21,EFD2763B,7/4/2024 8:29:21,5,TRUE,2,28,NA,2.73,FALSE,TRUE,TRUE,one leaf eaten quite a bit in the middle,Setup_Images/92e1efce.setupImage.063142.jpg,camillerumberger11@gmail.com
9d10d7e0,118_A4_BJO_gen-15_TempWarm-16psu07/04/2024 08:32:30,133C5B79,7/4/2024 8:32:30,5,FALSE,0,31.5,NA,3.92,FALSE,TRUE,TRUE,,Setup_Images/9d10d7e0.setupImage.063329.jpg,camillerumberger11@gmail.com
6b276bf1,122_A4_BJO_gen-16_TempWarm-5psu07/04/2024 08:33:33,26D4DE97,7/4/2024 8:33:33,5,FALSE,0,37.1,NA,3.41,FALSE,TRUE,TRUE,,Setup_Images/6b276bf1.setupImage.063529.jpg,camillerumberger11@gmail.com
16aee81e,133_B1_BJO_gen-17_TempWarm-16psu07/04/2024 08:35:14,E44B9AA1,7/4/2024 8:35:14,4,FALSE,0,29.7,NA,2.26,FALSE,TRUE,TRUE,,Setup_Images/16aee81e.setupImage.063856.jpg,camillerumberger11@gmail.com
e3c707d8,141_B1_BJO_gen-18_TempWarm-5psu07/04/2024 08:38:13,FD28FE5E,7/4/2024 8:38:13,5,TRUE,1,27.4,NA,4.62,FALSE,TRUE,TRUE,something munched on it,Setup_Images/e3c707d8.setupImage.064031.jpg,camillerumberger11@gmail.com
5bdd051b,145_B1_BJO_gen-19_TempWarm-16psu07/04/2024 08:40:52,E49AF12A,7/4/2024 8:40:52,5,FALSE,0,29.7,NA,3.3,FALSE,TRUE,TRUE,,Setup_Images/5bdd051b.setupImage.064145.jpg,camillerumberger11@gmail.com
87b37985,155_B1_BJO_gen-20_TempWarm-5psu07/04/2024 08:41:48,A9D8E27C,7/4/2024 8:41:48,4,FALSE,0,30.5,NA,2.81,FALSE,TRUE,TRUE,,Setup_Images/87b37985.setupImage.064354.jpg,camillerumberger11@gmail.com
7eeca5c2,167_B2_BJO_gen-21_TempWarm-16psu07/04/2024 08:43:57,8E0468F9,7/4/2024 8:43:57,5,FALSE,0,36.8,NA,4.13,FALSE,TRUE,TRUE,,Setup_Images/7eeca5c2.setupImage.064533.jpg,camillerumberger11@gmail.com
53d4b9be,174_B2_BJO_gen-22_TempWarm-5psu07/04/2024 08:45:39,5D817BBE,7/4/2024 8:45:39,4,FALSE,0,52.4,NA,3.36,FALSE,TRUE,TRUE,,Setup_Images/53d4b9be.setupImage.064822.jpg,camillerumberger11@gmail.com
7b9388b6,179_B2_BJO_gen-23_TempWarm-16psu07/04/2024 08:48:33,066B3EF1,7/4/2024 8:48:33,6,TRUE,2,21.2,NA,2.18,FALSE,TRUE,TRUE,one main leaf broken,Setup_Images/7b9388b6.setupImage.065003.jpg,camillerumberger11@gmail.com
855d5632,185_B2_BJO_gen-24_TempWarm-5psu07/04/2024 08:50:05,9606B041,7/4/2024 8:50:05,4,FALSE,0,35.7,NA,3.52,FALSE,TRUE,TRUE,,Setup_Images/855d5632.setupImage.065108.jpg,camillerumberger11@gmail.com
ac63592b,004_A1_HOG_gen-01_TempControl-21psu07/04/2024 08:58:36,A96C6176,7/4/2024 8:58:36,5,FALSE,0,37.5,NA,3.49,FALSE,TRUE,TRUE,some leaves eaten,,camillerumberger11@gmail.com
3bd0d4a4,015_A1_HOG_gen-02_TempControl-7psu07/04/2024 09:02:31,DF59D6C9,7/4/2024 9:02:31,5,FALSE,0,33.2,NA,2.94,FALSE,TRUE,TRUE,,Setup_Images/3bd0d4a4.setupImage.070331.jpg,camillerumberger11@gmail.com
b8ab01a2,018_A1_HOG_gen-03_TempControl-21psu07/04/2024 09:03:41,732AA4DD,7/4/2024 9:03:41,5,FALSE,0,41.5,NA,2.22,FALSE,TRUE,TRUE,one leaf a little eaten,Setup_Images/b8ab01a2.setupImage.070507.jpg,camillerumberger11@gmail.com
8bfd8361,026_A1_HOG_gen-04_TempControl-7psu07/04/2024 09:05:08,F7FC6BA2,7/4/2024 9:05:08,5,FALSE,0,33.4,NA,4.74,FALSE,TRUE,TRUE,,Setup_Images/8bfd8361.setupImage.070621.jpg,camillerumberger11@gmail.com
fd9d514c,039_A2_HOG_gen-05_TempControl-21psu07/04/2024 09:06:35,26C61770,7/4/2024 9:06:35,9,TRUE,5,21.5,NA,3.49,FALSE,TRUE,TRUE,longest leaf end eaten,Setup_Images/fd9d514c.setupImage.071002.jpg,camillerumberger11@gmail.com
1b53867d,042_A2_HOG_gen-06_TempControl-7psu07/04/2024 09:09:52,A370BACA,7/4/2024 9:09:52,5,FALSE,0,27.6,NA,2.11,FALSE,TRUE,TRUE,,Setup_Images/1b53867d.setupImage.071211.jpg,camillerumberger11@gmail.com
9c4a4189,049_A2_HOG_gen-07_TempControl-21psu07/04/2024 09:11:49,16F4F8C0,7/4/2024 9:11:49,5,FALSE,0,50,NA,3.52,FALSE,TRUE,TRUE,,Setup_Images/9c4a4189.setupImage.071307.jpg,camillerumberger11@gmail.com
f476948d,062_A2_HOG_gen-08_TempControl-7psu07/04/2024 09:13:13,F9D4293C,7/4/2024 9:13:13,5,FALSE,0,51.5,NA,3.69,FALSE,TRUE,TRUE,,Setup_Images/f476948d.setupImage.071738.jpg,camillerumberger11@gmail.com
f4bc3a9f,067_A3_HOG_gen-09_TempWarm-16psu07/04/2024 09:14:42,F8EE1E70,7/4/2024 9:14:42,5,FALSE,0,37.5,NA,3.04,FALSE,TRUE,TRUE,,Setup_Images/f4bc3a9f.setupImage.071554.jpg,camillerumberger11@gmail.com
7f92a3fb,080_A3_HOG_gen-10_TempWarm-5psu07/04/2024 09:15:58,9F841C1E,7/4/2024 9:15:58,5,FALSE,0,45.2,NA,3.03,FALSE,TRUE,TRUE,,Setup_Images/7f92a3fb.setupImage.071649.jpg,camillerumberger11@gmail.com
b1508a9d,085_A3_HOG_gen-11_TempWarm-16psu07/04/2024 09:16:57,BBD91F67,7/4/2024 9:16:57,7,FALSE,0,43.6,NA,5.05,FALSE,TRUE,TRUE,,Setup_Images/b1508a9d.setupImage.071946.jpg,camillerumberger11@gmail.com
b164564f,089_A3_HOG_gen-12_TempWarm-5psu07/04/2024 09:19:05,C32A3CFE,7/4/2024 9:19:05,5,FALSE,0,32.5,NA,3.47,FALSE,TRUE,TRUE,,Setup_Images/b164564f.setupImage.072006.jpg,camillerumberger11@gmail.com
dd64f117,097_A4_HOG_gen-13_TempWarm-16psu07/04/2024 09:20:22,11412828,7/4/2024 9:20:22,6,FALSE,0,31.3,NA,3.98,FALSE,TRUE,TRUE,,Setup_Images/dd64f117.setupImage.072133.jpg,camillerumberger11@gmail.com
39520353,112_A4_HOG_gen-14_TempWarm-5psu07/04/2024 09:21:55,80CA0C0B,7/4/2024 9:21:55,5,FALSE,0,41.5,NA,4.54,FALSE,TRUE,TRUE,,Setup_Images/39520353.setupImage.072306.jpg,camillerumberger11@gmail.com
ef34e990,117_A4_HOG_gen-15_TempWarm-16psu07/04/2024 09:23:10,E2F8E7D9,7/4/2024 9:23:10,6,FALSE,0,32.6,NA,2.34,FALSE,TRUE,TRUE,,Setup_Images/ef34e990.setupImage.072455.jpg,camillerumberger11@gmail.com
fb5643f0,124_A4_HOG_gen-16_TempWarm-5psu07/04/2024 09:24:33,BF77D16E,7/4/2024 9:24:33,5,FALSE,0,51.3,NA,4.66,FALSE,TRUE,TRUE,,Setup_Images/fb5643f0.setupImage.072626.jpg,camillerumberger11@gmail.com
76285cd1,130_B1_HOG_gen-17_TempWarm-16psu07/04/2024 09:26:08,66568068,7/4/2024 9:26:08,5,FALSE,0,37.5,NA,2.51,FALSE,TRUE,TRUE,,Setup_Images/76285cd1.setupImage.072722.jpg,camillerumberger11@gmail.com
75fd7144,144_B1_HOG_gen-18_TempWarm-5psu07/04/2024 09:27:27,938BA6B1,7/4/2024 9:27:27,5,FALSE,0,31.3,NA,2.92,FALSE,TRUE,TRUE,,Setup_Images/75fd7144.setupImage.072908.jpg,camillerumberger11@gmail.com
588912cf,151_B1_HOG_gen-19_TempWarm-16psu07/04/2024 09:29:50,BF734F02,7/4/2024 9:29:50,5,FALSE,0,42,NA,3.5,FALSE,TRUE,TRUE,,Setup_Images/588912cf.setupImage.073140.jpg,camillerumberger11@gmail.com
79b500a2,156_B1_HOG_gen-20_TempWarm-5psu07/04/2024 09:31:25,DDB212F0,7/4/2024 9:31:25,5,FALSE,0,43.3,NA,3.61,FALSE,TRUE,TRUE,,Setup_Images/79b500a2.setupImage.073313.jpg,camillerumberger11@gmail.com
b628ecfe,162_B2_HOG_gen-21_TempWarm-16psu07/04/2024 09:33:17,0B2ED587,7/4/2024 9:33:17,5,FALSE,0,49,NA,2.66,FALSE,TRUE,TRUE,,Setup_Images/b628ecfe.setupImage.073441.jpg,camillerumberger11@gmail.com
d97c8e19,176_B2_HOG_gen-22_TempWarm-5psu07/04/2024 09:34:30,BE6E1917,7/4/2024 9:34:30,5,FALSE,0,33.7,NA,4.17,FALSE,TRUE,TRUE,,Setup_Images/d97c8e19.setupImage.073617.jpg,camillerumberger11@gmail.com
fdafa327,178_B2_HOG_gen-23_TempWarm-16psu07/04/2024 09:35:54,AAABBD75,7/4/2024 9:35:54,5,FALSE,0,19.4,NA,1.89,FALSE,TRUE,TRUE,,Setup_Images/fdafa327.setupImage.073700.jpg,camillerumberger11@gmail.com
fa0e7eb9,191_B2_HOG_gen-24_TempWarm-5psu07/04/2024 09:37:04,EAA1AF92,7/4/2024 9:37:04,6,FALSE,0,29.5,NA,2.53,FALSE,TRUE,TRUE,,Setup_Images/fa0e7eb9.setupImage.073939.jpg,camillerumberger11@gmail.com
d0d7594e,001_A1_HOR_gen-01_TempControl-21psu07/04/2024 10:40:21,871C9089,7/4/2024 10:40:21,5,FALSE,0,43,NA,2.69,FALSE,TRUE,TRUE,,Setup_Images/d0d7594e.setupImage.084141.jpg,camillerumberger11@gmail.com
ad9306f0,014_A1_HOR_gen-02_TempControl-7psu07/04/2024 10:42:27,D2F3A374,7/4/2024 10:42:27,5,FALSE,0,36.7,NA,2.2,FALSE,TRUE,TRUE,,Setup_Images/ad9306f0.setupImage.084353.jpg,camillerumberger11@gmail.com
ad8761a8,023_A1_HOR_gen-03_TempControl-21psu07/04/2024 10:43:38,7639C1B3,7/4/2024 10:43:38,5,FALSE,0,31.5,NA,2.99,FALSE,TRUE,TRUE,,Setup_Images/ad8761a8.setupImage.084610.jpg,camillerumberger11@gmail.com
6fe9f5af,031_A1_HOR_gen-04_TempControl-7psu07/04/2024 10:46:19,50B529FA,7/4/2024 10:46:19,5,FALSE,0,44.4,NA,2.79,FALSE,TRUE,TRUE,,Setup_Images/6fe9f5af.setupImage.084745.jpg,camillerumberger11@gmail.com
27d78619,035_A2_HOR_gen-05_TempControl-21psu07/04/2024 10:47:08,63288483,7/4/2024 10:47:08,5,FALSE,0,44.5,NA,2.56,FALSE,TRUE,TRUE,,Setup_Images/27d78619.setupImage.084841.jpg,camillerumberger11@gmail.com
bb37ce71,048_A2_HOR_gen-06_TempControl-7psu07/04/2024 10:48:20,3089D8E3,7/4/2024 10:48:20,5,FALSE,0,33.5,NA,1.69,FALSE,TRUE,TRUE,,Setup_Images/bb37ce71.setupImage.085011.jpg,camillerumberger11@gmail.com
ecb3a33a,051_A2_HOR_gen-07_TempControl-21psu07/04/2024 10:50:39,5DD875C2,7/4/2024 10:50:39,5,FALSE,0,36.8,NA,2.55,FALSE,TRUE,TRUE,,Setup_Images/ecb3a33a.setupImage.085216.jpg,camillerumberger11@gmail.com
c3a9323a,060_A2_HOR_gen-08_TempControl-7psu07/04/2024 10:52:24,5AB95C80,7/4/2024 10:52:24,4,FALSE,0,42.8,NA,1.99,FALSE,TRUE,TRUE,,Setup_Images/c3a9323a.setupImage.085404.jpg,camillerumberger11@gmail.com
cdc79996,072_A3_HOR_gen-09_TempWarm-16psu07/04/2024 10:53:41,02A3413D,7/4/2024 10:53:41,5,FALSE,0,32,NA,1.61,FALSE,TRUE,TRUE,,Setup_Images/cdc79996.setupImage.085541.jpg,camillerumberger11@gmail.com
1192e3d2,074_A3_HOR_gen-10_TempWarm-5psu07/04/2024 10:55:49,73172B23,7/4/2024 10:55:49,5,FALSE,0,31.2,NA,1.59,FALSE,TRUE,TRUE,,Setup_Images/1192e3d2.setupImage.085746.jpg,camillerumberger11@gmail.com
4dd4cc66,084_A3_HOR_gen-11_TempWarm-16psu07/04/2024 10:58:06,911BC4B1,7/4/2024 10:58:06,4,FALSE,0,44,NA,2.44,FALSE,TRUE,TRUE,,Setup_Images/4dd4cc66.setupImage.085935.jpg,camillerumberger11@gmail.com
ae248ac9,095_A3_HOR_gen-12_TempWarm-5psu07/04/2024 10:59:15,58A7BC36,7/4/2024 10:59:15,5,FALSE,0,35.7,NA,2.32,FALSE,TRUE,TRUE,,Setup_Images/ae248ac9.setupImage.090121.jpg,camillerumberger11@gmail.com
5c5f2c07,102_A4_HOR_gen-13_TempWarm-16psu07/04/2024 11:00:56,55B33E6B,7/4/2024 11:00:56,5,FALSE,0,23.5,NA,1.36,FALSE,TRUE,TRUE,,Setup_Images/5c5f2c07.setupImage.090246.jpg,camillerumberger11@gmail.com
9faa16d2,111_A4_HOR_gen-14_TempWarm-5psu07/04/2024 11:02:21,0A4E419E,7/4/2024 11:02:21,4,FALSE,0,34,NA,2.56,FALSE,TRUE,TRUE,,Setup_Images/9faa16d2.setupImage.090433.jpg,camillerumberger11@gmail.com
23d4a3b0,116_A4_HOR_gen-15_TempWarm-16psu07/04/2024 11:03:55,7851A560,7/4/2024 11:03:55,4,FALSE,0,25.3,NA,1.4,FALSE,TRUE,TRUE,,Setup_Images/23d4a3b0.setupImage.090541.jpg,camillerumberger11@gmail.com
de9cc5ae,121_A4_HOR_gen-16_TempWarm-5psu07/04/2024 11:05:18,67F0FFEA,7/4/2024 11:05:18,5,FALSE,0,29.8,NA,2.65,FALSE,TRUE,TRUE,,Setup_Images/de9cc5ae.setupImage.090715.jpg,camillerumberger11@gmail.com
be7f0f21,131_B1_HOR_gen-17_TempWarm-16psu07/04/2024 11:06:53,F34218FA,7/4/2024 11:06:53,5,FALSE,0,32,NA,2.6,FALSE,TRUE,TRUE,,Setup_Images/be7f0f21.setupImage.090814.jpg,camillerumberger11@gmail.com
e4332e10,140_B1_HOR_gen-18_TempWarm-5psu07/04/2024 11:08:15,FAB22374,7/4/2024 11:08:15,5,FALSE,0,33,NA,2.32,FALSE,TRUE,TRUE,,Setup_Images/e4332e10.setupImage.091008.jpg,camillerumberger11@gmail.com
78514b1d,150_B1_HOR_gen-19_TempWarm-16psu07/04/2024 11:09:44,362BAB14,7/4/2024 11:09:44,5,FALSE,0,35,NA,2.29,FALSE,TRUE,TRUE,,Setup_Images/78514b1d.setupImage.091128.jpg,camillerumberger11@gmail.com
a8b4d815,160_B1_HOR_gen-20_TempWarm-5psu07/04/2024 11:11:18,F68408C4,7/4/2024 11:11:18,5,FALSE,0,33.2,NA,2.28,FALSE,TRUE,TRUE,,Setup_Images/a8b4d815.setupImage.091304.jpg,camillerumberger11@gmail.com
7de52b4f,168_B2_HOR_gen-21_TempWarm-16psu07/04/2024 11:12:43,82BE8194,7/4/2024 11:12:43,5,FALSE,0,40.7,NA,2.02,FALSE,TRUE,TRUE,,Setup_Images/7de52b4f.setupImage.091413.jpg,camillerumberger11@gmail.com
8a2c1426,170_B2_HOR_gen-22_TempWarm-5psu07/04/2024 11:15:03,6E890AFC,7/4/2024 11:15:03,5,FALSE,0,41.5,NA,2.09,FALSE,TRUE,TRUE,,Setup_Images/8a2c1426.setupImage.091953.jpg,camillerumberger11@gmail.com
1d404300,183_B2_HOR_gen-23_TempWarm-16psu07/04/2024 11:19:44,69D1B0A5,7/4/2024 11:19:44,5,FALSE,0,55.7,NA,3.48,TRUE,TRUE,TRUE,,Setup_Images/1d404300.setupImage.092119.jpg,camillerumberger11@gmail.com
7ad85b1e,188_B2_HOR_gen-24_TempWarm-5psu07/04/2024 11:20:57,2D3C7402,7/4/2024 11:20:57,5,FALSE,0,39.8,NA,2.36,FALSE,TRUE,TRUE,,Setup_Images/7ad85b1e.setupImage.092220.jpg,camillerumberger11@gmail.com
ecb85985,007_A1_KAL_gen-01_TempControl-21psu07/04/2024 11:26:17,0F56358C,7/4/2024 11:26:17,5,FALSE,0,56.7,NA,3.49,FALSE,TRUE,TRUE,,Setup_Images/ecb85985.setupImage.092839.jpg,camillerumberger11@gmail.com
7c2c4fd4,009_A1_KAL_gen-02_TempControl-7psu07/04/2024 11:28:17,FC8888C3,7/4/2024 11:28:17,5,FALSE,0,55.1,NA,3.16,FALSE,TRUE,TRUE,,Setup_Images/7c2c4fd4.setupImage.093019.jpg,camillerumberger11@gmail.com
02e0668b,022_A1_KAL_gen-03_TempControl-21psu07/04/2024 11:29:57,B76CC141,7/4/2024 11:29:57,4,FALSE,0,51.8,NA,2.79,FALSE,TRUE,TRUE,,Setup_Images/02e0668b.setupImage.093142.jpg,camillerumberger11@gmail.com
9efb6d07,030_A1_KAL_gen-04_TempControl-7psu07/04/2024 11:31:24,89EAD61F,7/4/2024 11:31:24,5,FALSE,0,67.9,NA,3.05,FALSE,TRUE,TRUE,,Setup_Images/9efb6d07.setupImage.093329.jpg,camillerumberger11@gmail.com
1d84cf2a,037_A2_KAL_gen-05_TempControl-21psu07/04/2024 11:33:24,ABD85331,7/4/2024 11:33:24,6,FALSE,0,69.1,NA,4.66,FALSE,TRUE,TRUE,,Setup_Images/1d84cf2a.setupImage.093604.jpg,camillerumberger11@gmail.com
ccbe88b1,047_A2_KAL_gen-06_TempControl-7psu07/04/2024 11:35:50,4459091D,7/4/2024 11:35:50,4,FALSE,0,65.8,NA,3.73,FALSE,TRUE,TRUE,,Setup_Images/ccbe88b1.setupImage.093813.jpg,camillerumberger11@gmail.com
1ad94b69,052_A2_KAL_gen-07_TempControl-21psu07/04/2024 11:36:50,9791BDF6,7/4/2024 11:36:50,5,FALSE,0,62.2,NA,3.23,FALSE,TRUE,TRUE,,Setup_Images/1ad94b69.setupImage.093857.jpg,camillerumberger11@gmail.com
e41257c4,059_A2_KAL_gen-08_TempControl-7psu07/04/2024 11:38:27,34FDE356,7/4/2024 11:38:27,5,FALSE,0,50.8,NA,2.12,FALSE,TRUE,TRUE,one leaf mostly eaten,Setup_Images/e41257c4.setupImage.094320.jpg,camillerumberger11@gmail.com
fe6f45c7,066_A3_KAL_gen-09_TempWarm-16psu07/04/2024 11:43:05,146E545D,7/4/2024 11:43:05,6,FALSE,0,56.5,NA,2.94,FALSE,TRUE,TRUE,,Setup_Images/fe6f45c7.setupImage.094517.jpg,camillerumberger11@gmail.com
e58584e2,073_A3_KAL_gen-10_TempWarm-5psu07/04/2024 11:44:56,992553F7,7/4/2024 11:44:56,5,FALSE,0,78,NA,4.45,FALSE,TRUE,TRUE,,Setup_Images/e58584e2.setupImage.094657.jpg,camillerumberger11@gmail.com
deb8f01c,081_A3_KAL_gen-11_TempWarm-16psu07/04/2024 11:46:27,FC77CEBA,7/4/2024 11:46:27,5,FALSE,0,58.3,NA,2.89,FALSE,TRUE,TRUE,,Setup_Images/deb8f01c.setupImage.094833.jpg,camillerumberger11@gmail.com
dcdd8981,093_A3_KAL_gen-12_TempWarm-5psu07/04/2024 11:48:16,8E943B9E,7/4/2024 11:48:16,5,FALSE,0,46.7,NA,2.5,FALSE,TRUE,TRUE,,Setup_Images/dcdd8981.setupImage.095050.jpg,camillerumberger11@gmail.com
087a6200,103_A4_KAL_gen-13_TempWarm-16psu07/04/2024 11:50:24,0D822C5B,7/4/2024 11:50:24,5,FALSE,0,53,NA,2.91,TRUE,TRUE,TRUE,"lesions are questionable, may just be significant damage",Setup_Images/087a6200.setupImage.095301.jpg,camillerumberger11@gmail.com
6ef4edcd,105_A4_KAL_gen-14_TempWarm-5psu07/04/2024 12:09:00,16A0D2ED,7/4/2024 12:09:00,3,FALSE,0,35.5,NA,2.13,FALSE,TRUE,TRUE,end of longest leaf broken,Setup_Images/6ef4edcd.setupImage.101014.jpg,camillerumberger11@gmail.com
738bf535,113_A4_KAL_gen-15_TempWarm-16psu07/04/2024 12:10:00,5A359A5A,7/4/2024 12:10:00,4,FALSE,0,35.5,NA,1.5,FALSE,TRUE,TRUE,two leaves heavily eaten,Setup_Images/738bf535.setupImage.101128.jpg,camillerumberger11@gmail.com
fb9b3490,126_A4_KAL_gen-16_TempWarm-5psu07/04/2024 12:11:09,1AA555FA,7/4/2024 12:11:09,5,FALSE,0,78.8,NA,3.88,FALSE,TRUE,TRUE,,Setup_Images/fb9b3490.setupImage.101335.jpg,camillerumberger11@gmail.com
c4ee0650,134_B1_KAL_gen-17_TempWarm-16psu07/04/2024 12:13:05,0F8B8D1F,7/4/2024 12:13:05,5,FALSE,0,73.8,NA,4.28,FALSE,TRUE,TRUE,,Setup_Images/c4ee0650.setupImage.101450.jpg,camillerumberger11@gmail.com
9496b587,137_B1_KAL_gen-18_TempWarm-5psu07/04/2024 12:14:35,A0D2E4C8,7/4/2024 12:14:35,5,FALSE,0,42.5,NA,2.46,FALSE,TRUE,TRUE,,Setup_Images/9496b587.setupImage.101551.jpg,camillerumberger11@gmail.com
917793fb,148_B1_KAL_gen-19_TempWarm-16psu07/04/2024 12:15:42,388FE2A0,7/4/2024 12:15:42,4,FALSE,0,81.6,NA,3.84,FALSE,TRUE,TRUE,,Setup_Images/917793fb.setupImage.101746.jpg,camillerumberger11@gmail.com
49085137,159_B1_KAL_gen-20_TempWarm-5psu07/04/2024 12:17:27,8B040979,7/4/2024 12:17:27,4,FALSE,0,58,NA,2.83,FALSE,TRUE,TRUE,,Setup_Images/49085137.setupImage.101855.jpg,camillerumberger11@gmail.com
9541d4ae,164_B2_KAL_gen-21_TempWarm-16psu07/04/2024 12:18:53,459BB5D7,7/4/2024 12:18:53,4,FALSE,0,51.5,NA,2.15,FALSE,TRUE,TRUE,,Setup_Images/9541d4ae.setupImage.102054.jpg,camillerumberger11@gmail.com
a74a384d,169_B2_KAL_gen-22_TempWarm-5psu07/04/2024 12:21:00,330374F3,7/4/2024 12:21:00,5,FALSE,0,51.4,NA,3.02,FALSE,TRUE,TRUE,,Setup_Images/a74a384d.setupImage.102210.jpg,camillerumberger11@gmail.com
9e93398e,177_B2_KAL_gen-23_TempWarm-16psu07/04/2024 12:21:51,5F9A287E,7/4/2024 12:21:51,4,FALSE,0,46,NA,2.09,FALSE,TRUE,TRUE,,Setup_Images/9e93398e.setupImage.102356.jpg,camillerumberger11@gmail.com
95d9ad90,187_B2_KAL_gen-24_TempWarm-5psu07/04/2024 12:23:37,E730A918,7/4/2024 12:23:37,5,FALSE,0,66.9,NA,4.1,FALSE,TRUE,TRUE,,Setup_Images/95d9ad90.setupImage.102504.jpg,camillerumberger11@gmail.com
6b562790,002_A1_KUR_gen-01_TempControl-21psu07/04/2024 13:19:22,6D4F9AB3,7/4/2024 13:19:22,6,TRUE,2,15.5,NA,0.95,FALSE,TRUE,TRUE,,Setup_Images/6b562790.setupImage.112210.jpg,camillerumberger11@gmail.com
561c7c70,010_A1_KUR_gen-02_TempControl-7psu07/04/2024 13:22:13,9F479928,7/4/2024 13:22:13,5,FALSE,0,20.9,NA,1.14,FALSE,TRUE,TRUE,,Setup_Images/561c7c70.setupImage.112349.jpg,camillerumberger11@gmail.com
e5a5964b,024_A1_KUR_gen-03_TempControl-21psu07/04/2024 13:23:25,15BE5A7B,7/4/2024 13:23:25,5,FALSE,0,15.4,NA,1.18,FALSE,TRUE,TRUE,,Setup_Images/e5a5964b.setupImage.112531.jpg,camillerumberger11@gmail.com
add14c66,029_A1_KUR_gen-04_TempControl-7psu07/04/2024 13:25:05,5B3B94A7,7/4/2024 13:25:05,5,FALSE,0,20.9,NA,1.2,FALSE,TRUE,TRUE,,Setup_Images/add14c66.setupImage.112700.jpg,camillerumberger11@gmail.com
88b45895,040_A2_KUR_gen-05_TempControl-21psu07/04/2024 13:26:39,2BA43506,7/4/2024 13:26:39,5,FALSE,0,19.9,NA,1.51,FALSE,TRUE,TRUE,,Setup_Images/88b45895.setupImage.112813.jpg,camillerumberger11@gmail.com
0d6c218d,044_A2_KUR_gen-06_TempControl-7psu07/04/2024 13:27:48,6794474F,7/4/2024 13:27:48,5,FALSE,0,23.5,NA,1.33,FALSE,TRUE,TRUE,longest shoot eaten at end,Setup_Images/0d6c218d.setupImage.112931.jpg,camillerumberger11@gmail.com
72aa6968,054_A2_KUR_gen-07_TempControl-21psu07/04/2024 13:29:04,05A62A4B,7/4/2024 13:29:04,4,FALSE,0,24.5,NA,1.41,FALSE,TRUE,TRUE,,Setup_Images/72aa6968.setupImage.113035.jpg,camillerumberger11@gmail.com
b8841040,057_A2_KUR_gen-08_TempControl-7psu07/04/2024 13:33:31,71C82EA8,7/4/2024 13:33:31,5,FALSE,0,17.7,NA,0.83,TRUE,TRUE,TRUE,,Setup_Images/b8841040.setupImage.113508.jpg,camillerumberger11@gmail.com
c5586cca,068_A3_KUR_gen-09_TempWarm-16psu07/04/2024 13:35:49,DEE179F7,7/4/2024 13:35:49,6,TRUE,2,30.3,NA,1.58,FALSE,TRUE,TRUE,,Setup_Images/c5586cca.setupImage.113820.jpg,camillerumberger11@gmail.com
b2f26ba8,078_A3_KUR_gen-10_TempWarm-5psu07/04/2024 13:37:54,D0DC85DA,7/4/2024 13:37:54,5,FALSE,0,17.3,NA,1.01,TRUE,TRUE,TRUE,,Setup_Images/b2f26ba8.setupImage.113936.jpg,camillerumberger11@gmail.com
bb7a69d5,088_A3_KUR_gen-11_TempWarm-16psu07/04/2024 13:39:06,9A8E6AF9,7/4/2024 13:39:06,4,FALSE,0,23,NA,1.59,FALSE,TRUE,TRUE,,Setup_Images/bb7a69d5.setupImage.114025.jpg,camillerumberger11@gmail.com
fc5ca560,092_A3_KUR_gen-12_TempWarm-5psu07/04/2024 13:40:12,B34EC89F,7/4/2024 13:40:12,5,FALSE,0,11.6,NA,0.91,FALSE,TRUE,TRUE,,Setup_Images/fc5ca560.setupImage.114234.jpg,camillerumberger11@gmail.com
d0470d20,104_A4_KUR_gen-13_TempWarm-16psu07/04/2024 13:41:07,C62E3D4F,7/4/2024 13:41:07,4,FALSE,0,17.4,NA,0.74,FALSE,TRUE,TRUE,,Setup_Images/d0470d20.setupImage.114246.jpg,camillerumberger11@gmail.com
46ad10fc,108_A4_KUR_gen-14_TempWarm-5psu07/04/2024 13:42:43,C443225D,7/4/2024 13:42:43,5,FALSE,0,17.8,NA,1.21,FALSE,TRUE,TRUE,,Setup_Images/46ad10fc.setupImage.114354.jpg,camillerumberger11@gmail.com
dea25dd2,115_A4_KUR_gen-15_TempWarm-16psu07/04/2024 13:43:29,95F8100F,7/4/2024 13:43:29,5,FALSE,0,15,NA,0.95,TRUE,TRUE,TRUE,,Setup_Images/dea25dd2.setupImage.114527.jpg,camillerumberger11@gmail.com
54db3ce3,123_A4_KUR_gen-16_TempWarm-5psu07/04/2024 13:45:09,A10A3239,7/4/2024 13:45:09,4,FALSE,0,20.8,NA,1.05,FALSE,TRUE,TRUE,,Setup_Images/54db3ce3.setupImage.114704.jpg,camillerumberger11@gmail.com
b4c5a9dc,136_B1_KUR_gen-17_TempWarm-16psu07/04/2024 13:46:55,64039CDF,7/4/2024 13:46:55,5,FALSE,0,18.3,NA,1.22,FALSE,TRUE,TRUE,,Setup_Images/b4c5a9dc.setupImage.114803.jpg,camillerumberger11@gmail.com
deb8b759,139_B1_KUR_gen-18_TempWarm-5psu07/04/2024 13:47:39,A77B7C88,7/4/2024 13:47:39,5,FALSE,0,10,NA,0.58,FALSE,TRUE,TRUE,,Setup_Images/deb8b759.setupImage.114858.jpg,camillerumberger11@gmail.com
be8ca9fa,147_B1_KUR_gen-19_TempWarm-16psu07/04/2024 13:48:35,8FF9EA4A,7/4/2024 13:48:35,5,FALSE,0,22.7,NA,1.45,FALSE,TRUE,TRUE,,Setup_Images/be8ca9fa.setupImage.115024.jpg,camillerumberger11@gmail.com
43ac241e,153_B1_KUR_gen-20_TempWarm-5psu07/04/2024 13:50:00,7F442F83,7/4/2024 13:50:00,6,TRUE,2,20.4,NA,1.22,TRUE,TRUE,TRUE,,Setup_Images/43ac241e.setupImage.115224.jpg,camillerumberger11@gmail.com
758d58f3,166_B2_KUR_gen-21_TempWarm-16psu07/04/2024 13:52:52,C5FA5469,7/4/2024 13:52:52,5,FALSE,0,13.8,NA,0.81,FALSE,TRUE,TRUE,,Unable to load image data. Image may be missing or upload size may be too large for this device. The image may still be in the camera roll on the device.,camillerumberger11@gmail.com
6d4ac3d5,172_B2_KUR_gen-22_TempWarm-5psu07/04/2024 13:53:58,193C2DEC,7/4/2024 13:53:58,5,FALSE,0,35.4,NA,1.23,FALSE,TRUE,TRUE,,Unable to load image data. Image may be missing or upload size may be too large for this device. The image may still be in the camera roll on the device.,camillerumberger11@gmail.com
290dd788,180_B2_KUR_gen-23_TempWarm-16psu07/04/2024 13:55:12,C194142C,7/4/2024 13:55:12,5,FALSE,0,19.2,NA,1.12,FALSE,TRUE,TRUE,,Setup_Images/290dd788.setupImage.115713.jpg,camillerumberger11@gmail.com
95b78317,186_B2_KUR_gen-24_TempWarm-5psu07/04/2024 13:57:13,8BFA319B,7/4/2024 13:57:13,4,FALSE,0,18.8,NA,1.07,FALSE,TRUE,TRUE,,Setup_Images/95b78317.setupImage.115910.jpg,camillerumberger11@gmail.com
82588873,006_A1_VAT_gen-01_TempControl-21psu07/04/2024 14:09:59,3E6FDEC4,7/4/2024 14:09:59,5,FALSE,0,58.3,NA,5.84,TRUE,TRUE,TRUE,,Setup_Images/82588873.setupImage.121354.jpg,camillerumberger11@gmail.com
2f3192a2,013_A1_VAT_gen-02_TempControl-7psu07/04/2024 14:13:51,C6683E66,7/4/2024 14:13:51,5,FALSE,0,39.5,NA,3.23,TRUE,TRUE,TRUE,,Setup_Images/2f3192a2.setupImage.121603.jpg,camillerumberger11@gmail.com
df10ca80,019_A1_VAT_gen-03_TempControl-21psu07/04/2024 14:15:47,C68CD1B0,7/4/2024 14:15:47,5,FALSE,0,48,NA,5.63,TRUE,TRUE,TRUE,,Setup_Images/df10ca80.setupImage.121854.jpg,camillerumberger11@gmail.com
2eed6031,025_A1_VAT_gen-04_TempControl-7psu07/04/2024 14:18:08,7F9297DC,7/4/2024 14:18:08,5,FALSE,0,57.3,NA,6.53,TRUE,TRUE,TRUE,,Setup_Images/2eed6031.setupImage.122015.jpg,camillerumberger11@gmail.com
714d7418,034_A2_VAT_gen-05_TempControl-21psu07/04/2024 14:19:54,870464D1,7/4/2024 14:19:54,4,FALSE,0,50.5,NA,5.15,TRUE,TRUE,TRUE,,Setup_Images/714d7418.setupImage.122153.jpg,camillerumberger11@gmail.com
600c09d3,041_A2_VAT_gen-06_TempControl-7psu07/04/2024 14:21:19,8C1A73C9,7/4/2024 14:21:19,5,FALSE,0,52.5,NA,8.16,TRUE,TRUE,TRUE,,Setup_Images/600c09d3.setupImage.122324.jpg,camillerumberger11@gmail.com
d8dfdf23,053_A2_VAT_gen-07_TempControl-21psu07/04/2024 14:23:05,073B206A,7/4/2024 14:23:05,5,FALSE,0,35.3,NA,4.19,TRUE,TRUE,TRUE,,Setup_Images/d8dfdf23.setupImage.122455.jpg,camillerumberger11@gmail.com
9715b57d,064_A2_VAT_gen-08_TempControl-7psu07/04/2024 14:24:12,40F0739F,7/4/2024 14:24:12,5,FALSE,0,51.7,NA,5.29,TRUE,TRUE,TRUE,,Setup_Images/9715b57d.setupImage.122637.jpg,camillerumberger11@gmail.com
33a02d3e,071_A3_VAT_gen-09_TempWarm-16psu07/04/2024 14:26:01,593CE2A5,7/4/2024 14:26:01,6,TRUE,2,51.8,NA,5.36,TRUE,TRUE,TRUE,,Setup_Images/33a02d3e.setupImage.122841.jpg,camillerumberger11@gmail.com
2fcebe6e,075_A3_VAT_gen-10_TempWarm-5psu07/04/2024 14:28:09,B98C052C,7/4/2024 14:28:09,5,FALSE,0,58.5,NA,5.13,TRUE,TRUE,TRUE,,Setup_Images/2fcebe6e.setupImage.123002.jpg,camillerumberger11@gmail.com
28bc90f3,087_A3_VAT_gen-11_TempWarm-16psu07/04/2024 14:29:35,AC6FE4FE,7/4/2024 14:29:35,5,FALSE,0,54,NA,5.76,TRUE,TRUE,TRUE,,Setup_Images/28bc90f3.setupImage.123112.jpg,camillerumberger11@gmail.com
34242760,096_A3_VAT_gen-12_TempWarm-5psu07/04/2024 14:30:54,4A6C3667,7/4/2024 14:30:54,5,FALSE,0,44.5,NA,4.36,TRUE,TRUE,TRUE,,Setup_Images/34242760.setupImage.123250.jpg,camillerumberger11@gmail.com
1faf953b,099_A4_VAT_gen-13_TempWarm-16psu07/04/2024 14:32:39,ADB1A907,7/4/2024 14:32:39,4,FALSE,0,61.2,NA,6.8,TRUE,TRUE,TRUE,,Setup_Images/1faf953b.setupImage.123505.jpg,camillerumberger11@gmail.com
afe072a9,109_A4_VAT_gen-14_TempWarm-5psu07/04/2024 14:34:26,9A1D9CE9,7/4/2024 14:34:26,5,FALSE,0,63.9,NA,6.7,TRUE,TRUE,TRUE,,Setup_Images/afe072a9.setupImage.123616.jpg,camillerumberger11@gmail.com
5a854cea,119_A4_VAT_gen-15_TempWarm-16psu07/04/2024 14:35:46,4E4FAD40,7/4/2024 14:35:46,5,FALSE,0,49,NA,6.67,TRUE,TRUE,TRUE,,Setup_Images/5a854cea.setupImage.123733.jpg,camillerumberger11@gmail.com
dbc4dad1,125_A4_VAT_gen-16_TempWarm-5psu07/04/2024 14:37:20,37A4B78A,7/4/2024 14:37:20,6,FALSE,0,53.9,NA,7.09,TRUE,TRUE,TRUE,,Setup_Images/dbc4dad1.setupImage.123921.jpg,camillerumberger11@gmail.com
0417579b,132_B1_VAT_gen-17_TempWarm-16psu07/04/2024 14:38:43,2B0A27C0,7/4/2024 14:38:43,5,FALSE,0,49.2,NA,5.79,TRUE,TRUE,TRUE,,Setup_Images/0417579b.setupImage.124021.jpg,camillerumberger11@gmail.com
0872cbb4,142_B1_VAT_gen-18_TempWarm-5psu07/04/2024 14:39:47,D087DA6E,7/4/2024 14:39:47,5,FALSE,0,27.7,NA,3.24,TRUE,TRUE,TRUE,,Setup_Images/0872cbb4.setupImage.124236.jpg,camillerumberger11@gmail.com
8437a045,152_B1_VAT_gen-19_TempWarm-16psu07/04/2024 14:42:24,102C036C,7/4/2024 14:42:24,5,FALSE,0,51,NA,6.12,TRUE,TRUE,TRUE,,Setup_Images/8437a045.setupImage.124358.jpg,camillerumberger11@gmail.com
6ecfc092,157_B1_VAT_gen-20_TempWarm-5psu07/04/2024 14:43:31,23B26CF8,7/4/2024 14:43:31,6,FALSE,0,52.5,NA,6.99,TRUE,TRUE,TRUE,,Setup_Images/6ecfc092.setupImage.124629.jpg,camillerumberger11@gmail.com
87e844de,163_B2_VAT_gen-21_TempWarm-16psu07/04/2024 14:44:39,CA0A8A71,7/4/2024 14:44:39,5,FALSE,0,44.4,NA,3.48,TRUE,TRUE,TRUE,,Setup_Images/87e844de.setupImage.124639.jpg,camillerumberger11@gmail.com
7031cd2c,175_B2_VAT_gen-22_TempWarm-5psu07/04/2024 14:46:02,1D17202C,7/4/2024 14:46:02,6,FALSE,0,45.3,NA,4.96,TRUE,TRUE,TRUE,,Setup_Images/7031cd2c.setupImage.124752.jpg,camillerumberger11@gmail.com
01481ad9,184_B2_VAT_gen-23_TempWarm-16psu07/04/2024 14:47:30,FC717784,7/4/2024 14:47:30,5,FALSE,0,37.5,NA,4.12,TRUE,TRUE,TRUE,,Setup_Images/01481ad9.setupImage.124901.jpg,camillerumberger11@gmail.com
d51d1232,189_B2_VAT_gen-24_TempWarm-5psu07/04/2024 14:48:47,9CEA44F8,7/4/2024 14:48:47,5,FALSE,0,47.5,NA,4.34,TRUE,TRUE,TRUE,,Setup_Images/d51d1232.setupImage.125023.jpg,camillerumberger11@gmail.com
049673af,005_A1_VIK_gen-01_TempControl-21psu07/04/2024 15:32:12,D58072B0,7/4/2024 15:32:12,5,FALSE,0,59.7,NA,5.72,TRUE,TRUE,TRUE,,Setup_Images/049673af.setupImage.133457.jpg,camillerumberger11@gmail.com
dbbe9ac2,012_A1_VIK_gen-02_TempControl-7psu07/04/2024 15:34:58,5A20C34C,7/4/2024 15:34:58,7,TRUE,3,25,NA,2.23,TRUE,TRUE,TRUE,,Setup_Images/dbbe9ac2.setupImage.133644.jpg,camillerumberger11@gmail.com
0a02d93c,017_A1_VIK_gen-03_TempControl-21psu07/04/2024 15:36:54,821A0DAE,7/4/2024 15:36:54,4,FALSE,0,40,NA,2.84,FALSE,TRUE,TRUE,,Setup_Images/0a02d93c.setupImage.133846.jpg,camillerumberger11@gmail.com
f7ac56da,027_A1_VIK_gen-04_TempControl-7psu07/04/2024 15:38:52,5C4F1755,7/4/2024 15:38:52,6,FALSE,0,33.5,NA,3.49,FALSE,TRUE,TRUE,,Setup_Images/f7ac56da.setupImage.133954.jpg,camillerumberger11@gmail.com
5792ae7c,033_A2_VIK_gen-05_TempControl-21psu07/04/2024 15:40:06,5EFDE8D2,7/4/2024 15:40:06,4,FALSE,0,44.2,NA,4.75,FALSE,TRUE,TRUE,,Setup_Images/5792ae7c.setupImage.134119.jpg,camillerumberger11@gmail.com
04f0179e,046_A2_VIK_gen-06_TempControl-7psu07/04/2024 15:45:28,6D809231,7/4/2024 15:45:28,5,TRUE,0,46.6,NA,4.47,FALSE,TRUE,TRUE,,Setup_Images/04f0179e.setupImage.134700.jpg,camillerumberger11@gmail.com
41d159b8,055_A2_VIK_gen-07_TempControl-21psu07/04/2024 15:47:19,7FC73D59,7/4/2024 15:47:19,5,FALSE,0,28.1,NA,2.46,TRUE,TRUE,TRUE,,Setup_Images/41d159b8.setupImage.134825.jpg,camillerumberger11@gmail.com
3353c526,061_A2_VIK_gen-08_TempControl-7psu07/04/2024 15:48:38,FF4D887C,7/4/2024 15:48:38,4,FALSE,0,30.9,NA,1.81,FALSE,TRUE,TRUE,,Setup_Images/3353c526.setupImage.135003.jpg,camillerumberger11@gmail.com
3b8ff564,065_A3_VIK_gen-09_TempWarm-16psu07/04/2024 15:50:03,4A50A4B5,7/4/2024 15:50:03,4,FALSE,0,35.2,NA,2.15,FALSE,TRUE,TRUE,,Setup_Images/3b8ff564.setupImage.135049.jpg,camillerumberger11@gmail.com
0acfd441,077_A3_VIK_gen-10_TempWarm-5psu07/04/2024 15:51:05,76B90E9F,7/4/2024 15:51:05,5,FALSE,0,53,NA,4.47,FALSE,TRUE,TRUE,end of longest leaf munched off,Setup_Images/0acfd441.setupImage.135224.jpg,camillerumberger11@gmail.com
84f834f6,086_A3_VIK_gen-11_TempWarm-16psu07/04/2024 15:52:34,F178662B,7/4/2024 15:52:34,4,FALSE,0,24.6,NA,2.33,FALSE,TRUE,TRUE,,Setup_Images/84f834f6.setupImage.135316.jpg,camillerumberger11@gmail.com
e78173bd,094_A3_VIK_gen-12_TempWarm-5psu07/04/2024 15:53:26,9965A39C,7/4/2024 15:53:26,5,FALSE,0,49.5,NA,3.91,TRUE,TRUE,TRUE,,Setup_Images/e78173bd.setupImage.135425.jpg,camillerumberger11@gmail.com
266d1c21,101_A4_VIK_gen-13_TempWarm-16psu07/04/2024 15:54:38,0ED71178,7/4/2024 15:54:38,5,FALSE,0,46.4,NA,3.93,TRUE,TRUE,TRUE,,Setup_Images/266d1c21.setupImage.135539.jpg,camillerumberger11@gmail.com
dc7f834e,106_A4_VIK_gen-14_TempWarm-5psu07/04/2024 15:55:43,FB547F69,7/4/2024 15:55:43,6,FALSE,0,31.8,NA,2.59,FALSE,TRUE,TRUE,,Setup_Images/dc7f834e.setupImage.135733.jpg,camillerumberger11@gmail.com
fa571aec,120_A4_VIK_gen-15_TempWarm-16psu07/04/2024 15:57:11,A3954816,7/4/2024 15:57:11,4,FALSE,0,21.5,NA,1.38,FALSE,TRUE,TRUE,,Setup_Images/fa571aec.setupImage.135817.jpg,camillerumberger11@gmail.com
deee3c80,128_A4_VIK_gen-16_TempWarm-5psu07/04/2024 15:57:57,DADBBD1F,7/4/2024 15:57:57,4,FALSE,0,18.6,NA,1.1,FALSE,TRUE,TRUE,longest shoot broken at end,Setup_Images/deee3c80.setupImage.135908.jpg,camillerumberger11@gmail.com
1cd739d7,135_B1_VIK_gen-17_TempWarm-16psu07/04/2024 15:59:47,9B2772BF,7/4/2024 15:59:47,4,FALSE,0,32.1,NA,1.92,FALSE,TRUE,TRUE,,Setup_Images/1cd739d7.setupImage.140112.jpg,camillerumberger11@gmail.com
43ce2f0f,143_B1_VIK_gen-18_TempWarm-5psu07/04/2024 16:00:57,8B4C6BED,7/4/2024 16:00:57,4,FALSE,0,22.2,NA,1.17,TRUE,TRUE,TRUE,,Setup_Images/43ce2f0f.setupImage.140223.jpg,camillerumberger11@gmail.com
f97e70bc,146_B1_VIK_gen-19_TempWarm-16psu07/04/2024 16:02:01,6FACA715,7/4/2024 16:02:01,4,FALSE,0,28.8,NA,1.94,TRUE,TRUE,TRUE,,Setup_Images/f97e70bc.setupImage.140322.jpg,camillerumberger11@gmail.com
f3604930,165_B2_VIK_gen-21_TempWarm-16psu07/04/2024 16:05:15,32972568,7/4/2024 16:05:15,4,FALSE,0,30.8,NA,1.92,FALSE,TRUE,TRUE,,Setup_Images/f3604930.setupImage.140730.jpg,camillerumberger11@gmail.com
c95fc667,158_B1_VIK_gen-20_TempWarm-5psu07/04/2024 16:12:38,59F0D311,7/4/2024 16:12:38,4,FALSE,0,60,NA,5.07,FALSE,TRUE,TRUE,,Setup_Images/c95fc667.setupImage.141451.jpg,camillerumberger11@gmail.com
cbe53456,171_B2_VIK_gen-22_TempWarm-5psu07/04/2024 16:14:26,6AB74912,7/4/2024 16:14:26,4,FALSE,0,27.5,NA,2.14,TRUE,TRUE,TRUE,,Setup_Images/cbe53456.setupImage.141539.jpg,camillerumberger11@gmail.com
1725875a,181_B2_VIK_gen-23_TempWarm-16psu07/04/2024 16:15:24,B47C8F59,7/4/2024 16:15:24,4,FALSE,0,14,NA,0.69,FALSE,TRUE,TRUE,,Setup_Images/1725875a.setupImage.141657.jpg,camillerumberger11@gmail.com
b565944d,190_B2_VIK_gen-24_TempWarm-5psu07/04/2024 16:16:30,1CF6C8B9,7/4/2024 16:16:30,4,FALSE,0,31,NA,2.35,FALSE,TRUE,TRUE,,Setup_Images/b565944d.setupImage.141746.jpg,camillerumberger11@gmail.com
08c6887a,262_C1_BAR_gen-33_TempControl-21psu07/04/2024 16:38:55,E5AAD471,7/4/2024 16:38:55,5,FALSE,0,19.5,NA,1.17,FALSE,TRUE,TRUE,,Setup_Images/08c6887a.setupImage.144057.jpg,camillerumberger11@gmail.com
5e604f66,268_C1_BAR_gen-34_TempControl-7psu07/04/2024 16:41:21,0B640387,7/4/2024 16:41:21,5,FALSE,0,50,NA,3.67,FALSE,TRUE,TRUE,,Setup_Images/5e604f66.setupImage.144155.jpg,camillerumberger11@gmail.com
06945d75,276_C1_BAR_gen-35_TempControl-21psu07/04/2024 16:42:02,17891F3B,7/4/2024 16:42:02,6,FALSE,0,55,NA,4.69,FALSE,TRUE,TRUE,,Setup_Images/06945d75.setupImage.144235.jpg,camillerumberger11@gmail.com
9b5f776e,288_C1_BAR_gen-36_TempControl-7psu07/04/2024 16:42:48,E51E7B7E,7/4/2024 16:42:48,5,FALSE,0,21.5,NA,2.16,FALSE,TRUE,TRUE,,Setup_Images/9b5f776e.setupImage.144313.jpg,camillerumberger11@gmail.com
3f48108e,291_C2_BAR_gen-37_TempControl-21psu07/04/2024 16:43:39,D59B5AC1,7/4/2024 16:43:39,4,FALSE,0,26.4,NA,2.75,TRUE,TRUE,TRUE,,Setup_Images/3f48108e.setupImage.144520.jpg,camillerumberger11@gmail.com
baacadee,301_C2_BAR_gen-38_TempControl-7psu07/04/2024 16:45:14,E25E3B97,7/4/2024 16:45:14,4,FALSE,0,35.7,NA,1.21,TRUE,TRUE,TRUE,,Setup_Images/baacadee.setupImage.144718.jpg,camillerumberger11@gmail.com
46ab5b33,308_C2_BAR_gen-39_TempControl-21psu07/04/2024 16:47:05,4928BDFF,7/4/2024 16:47:05,4,FALSE,0,37.5,NA,1.95,FALSE,TRUE,TRUE,,Setup_Images/46ab5b33.setupImage.144851.jpg,camillerumberger11@gmail.com
d2c70435,320_C2_BAR_gen-40_TempControl-7psu07/04/2024 16:48:11,DA5A8CAD,7/4/2024 16:48:11,5,FALSE,0,43,NA,2.58,FALSE,TRUE,TRUE,,Setup_Images/d2c70435.setupImage.144923.jpg,camillerumberger11@gmail.com
340bff14,258_C1_BJO_gen-33_TempControl-21psu07/04/2024 16:50:05,09420C72,7/4/2024 16:50:05,6,TRUE,2,40.2,NA,4.41,TRUE,TRUE,TRUE,,Setup_Images/340bff14.setupImage.145429.jpg,camillerumberger11@gmail.com
4ec93c45,267_C1_BJO_gen-34_TempControl-7psu07/04/2024 16:54:09,E99CB1D2,7/4/2024 16:54:09,4,FALSE,0,32,NA,2.49,TRUE,TRUE,TRUE,,Setup_Images/4ec93c45.setupImage.145626.jpg,camillerumberger11@gmail.com
44d439db,277_C1_BJO_gen-35_TempControl-21psu07/04/2024 16:56:32,5543AC1E,7/4/2024 16:56:32,6,FALSE,0,38.5,NA,2.57,TRUE,TRUE,TRUE,,Setup_Images/44d439db.setupImage.145750.jpg,camillerumberger11@gmail.com
220c45bc,285_C1_BJO_gen-36_TempControl-7psu07/04/2024 16:57:32,975AF645,7/4/2024 16:57:32,5,FALSE,0,17.5,NA,1.51,FALSE,TRUE,TRUE,,Setup_Images/220c45bc.setupImage.145942.jpg,camillerumberger11@gmail.com
3bfd7e30,289_C2_BJO_gen-37_TempControl-21psu07/04/2024 16:59:23,345bftds,7/4/2024 16:59:23,6,TRUE,2,36.7,NA,3.33,TRUE,TRUE,TRUE,,Setup_Images/3bfd7e30.setupImage.150124.jpg,camillerumberger11@gmail.com
98101371,300_C2_BJO_gen-38_TempControl-7psu07/04/2024 17:00:59,568376BE,7/4/2024 17:00:59,5,FALSE,0,40.8,NA,3.34,FALSE,TRUE,TRUE,,Setup_Images/98101371.setupImage.150247.jpg,camillerumberger11@gmail.com
3707a03c,306_C2_BJO_gen-39_TempControl-21psu07/04/2024 17:02:34,E0CEB5A0,7/4/2024 17:02:34,5,FALSE,0,42,NA,3.32,FALSE,TRUE,TRUE,,Setup_Images/3707a03c.setupImage.150524.jpg,camillerumberger11@gmail.com
1893ed81,316_C2_BJO_gen-40_TempControl-7psu07/04/2024 17:04:55,4C86A039,7/4/2024 17:04:55,6,TRUE,2,33.3,NA,2.39,FALSE,TRUE,TRUE,,Setup_Images/1893ed81.setupImage.150641.jpg,camillerumberger11@gmail.com
c6621135,264_C1_HOG_gen-33_TempControl-21psu07/04/2024 17:17:44,EE4BB517,7/4/2024 17:17:44,5,FALSE,0,63.2,NA,5.44,TRUE,TRUE,TRUE,,Setup_Images/c6621135.setupImage.152010.jpg,camillerumberger11@gmail.com
93bde0c0,269_C1_HOG_gen-34_TempControl-7psu07/04/2024 17:19:38,35323312,7/4/2024 17:19:38,4,FALSE,0,16.7,NA,0.92,FALSE,TRUE,TRUE,,Setup_Images/93bde0c0.setupImage.152110.jpg,camillerumberger11@gmail.com
584a5b61,274_C1_HOG_gen-35_TempControl-21psu07/04/2024 17:20:54,44E6D55B,7/4/2024 17:20:54,4,FALSE,0,17.9,NA,2.14,FALSE,TRUE,TRUE,,Setup_Images/584a5b61.setupImage.152355.jpg,camillerumberger11@gmail.com
0dfef5fd,284_C1_HOG_gen-36_TempControl-7psu07/04/2024 17:22:00,71C58285,7/4/2024 17:22:00,7,TRUE,3,23.4,NA,1.43,FALSE,TRUE,TRUE,,Setup_Images/0dfef5fd.setupImage.152346.jpg,camillerumberger11@gmail.com
475289a8,290_C2_HOG_gen-37_TempControl-21psu07/04/2024 17:23:57,B6A83370,7/4/2024 17:23:57,5,FALSE,0,38.1,NA,2.53,FALSE,TRUE,TRUE,,Setup_Images/475289a8.setupImage.152610.jpg,camillerumberger11@gmail.com
cbc06e05,298_C2_HOG_gen-38_TempControl-7psu07/04/2024 17:25:34,2FA90D4B,7/4/2024 17:25:34,5,FALSE,0,57.5,NA,5.25,FALSE,TRUE,TRUE,,Setup_Images/cbc06e05.setupImage.152711.jpg,camillerumberger11@gmail.com
d6277e85,307_C2_HOG_gen-39_TempControl-21psu07/04/2024 17:26:50,C3172058,7/4/2024 17:26:50,4,FALSE,0,37.5,NA,2.72,FALSE,TRUE,TRUE,,Setup_Images/d6277e85.setupImage.152847.jpg,camillerumberger11@gmail.com
34650259,318_C2_HOG_gen-40_TempControl-7psu07/04/2024 17:28:17,C1CF41CF,7/4/2024 17:28:17,5,FALSE,0,57.5,NA,5.98,TRUE,TRUE,TRUE,,Setup_Images/34650259.setupImage.153025.jpg,camillerumberger11@gmail.com
2c964a35,260_C1_HOR_gen-33_TempControl-21psu07/04/2024 17:40:31,E50988CC,7/4/2024 17:40:31,4,FALSE,0,34.5,NA,2.57,FALSE,TRUE,TRUE,,Setup_Images/2c964a35.setupImage.154326.jpg,camillerumberger11@gmail.com
bf4211e7,270_C1_HOR_gen-34_TempControl-7psu07/04/2024 17:42:20,56772A99,7/4/2024 17:42:20,5,FALSE,0,33,NA,2.46,FALSE,TRUE,TRUE,,Setup_Images/bf4211e7.setupImage.154320.jpg,camillerumberger11@gmail.com
26412147,275_C1_HOR_gen-35_TempControl-21psu07/04/2024 17:43:23,F9F972FA,7/4/2024 17:43:23,4,FALSE,0,29,NA,1.99,FALSE,TRUE,TRUE,,Setup_Images/26412147.setupImage.154453.jpg,camillerumberger11@gmail.com
13ffcf5e,287_C1_HOR_gen-36_TempControl-7psu07/04/2024 17:44:25,6DF5DCE8,7/4/2024 17:44:25,4,FALSE,0,45.8,NA,2.38,FALSE,TRUE,TRUE,,Setup_Images/13ffcf5e.setupImage.154600.jpg,camillerumberger11@gmail.com
040cf2b4,293_C2_HOR_gen-37_TempControl-21psu07/04/2024 17:45:35,77F99FAB,7/4/2024 17:45:35,5,FALSE,0,30.6,NA,1.82,FALSE,TRUE,TRUE,,Setup_Images/040cf2b4.setupImage.154659.jpg,camillerumberger11@gmail.com
a8e7e0d1,299_C2_HOR_gen-38_TempControl-7psu07/04/2024 17:46:35,21B36B80,7/4/2024 17:46:35,5,FALSE,0,37.7,NA,2.32,FALSE,TRUE,TRUE,,Setup_Images/a8e7e0d1.setupImage.154753.jpg,camillerumberger11@gmail.com
e3f08c3a,312_C2_HOR_gen-39_TempControl-21psu07/04/2024 17:47:38,5DE7152B,7/4/2024 17:47:38,5,FALSE,0,34.8,NA,1.98,FALSE,TRUE,TRUE,,Setup_Images/e3f08c3a.setupImage.154934.jpg,camillerumberger11@gmail.com
a000da07,319_C2_HOR_gen-40_TempControl-7psu07/04/2024 17:49:08,23D218CF,7/4/2024 17:49:08,5,FALSE,0,48,NA,2.54,FALSE,TRUE,TRUE,,Setup_Images/a000da07.setupImage.155042.jpg,camillerumberger11@gmail.com
bc814808,259_C1_KAL_gen-33_TempControl-21psu07/04/2024 17:56:46,18624A8C,7/4/2024 17:56:46,4,FALSE,0,62.2,NA,2.84,FALSE,TRUE,TRUE,leaves eaten,Setup_Images/bc814808.setupImage.160121.jpg,camillerumberger11@gmail.com
4d5fde24,272_C1_KAL_gen-34_TempControl-7psu07/04/2024 18:01:03,7E46526A,7/4/2024 18:01:03,5,FALSE,0,49.7,NA,3.07,FALSE,TRUE,TRUE,,Setup_Images/4d5fde24.setupImage.160243.jpg,camillerumberger11@gmail.com
ae36b136,279_C1_KAL_gen-35_TempControl-21psu07/04/2024 18:02:36,3ADA9363,7/4/2024 18:02:36,4,FALSE,0,67.9,NA,4.47,TRUE,TRUE,TRUE,,Setup_Images/ae36b136.setupImage.160525.jpg,camillerumberger11@gmail.com
6984c476,282_C1_KAL_gen-36_TempControl-7psu07/04/2024 18:05:12,1B1F77AF,7/4/2024 18:05:12,4,FALSE,0,50.5,NA,3.31,TRUE,TRUE,TRUE,longest shoot eaten at the end,Setup_Images/6984c476.setupImage.160756.jpg,camillerumberger11@gmail.com
8ef3d7fd,296_C2_KAL_gen-37_TempControl-21psu07/04/2024 18:07:04,B3E28AF0,7/4/2024 18:07:04,5,FALSE,0,48,NA,3.15,FALSE,TRUE,TRUE,,Setup_Images/8ef3d7fd.setupImage.160833.jpg,camillerumberger11@gmail.com
2e148f8c,304_C2_KAL_gen-38_TempControl-7psu07/04/2024 18:08:11,385237C3,7/4/2024 18:08:11,4,FALSE,0,46.5,NA,2.17,FALSE,TRUE,TRUE,,Setup_Images/2e148f8c.setupImage.160950.jpg,camillerumberger11@gmail.com
ebd61e41,310_C2_KAL_gen-39_TempControl-21psu07/04/2024 18:09:48,6BCE4CD3,7/4/2024 18:09:48,4,FALSE,0,12.8,NA,0.99,FALSE,TRUE,TRUE,,Setup_Images/ebd61e41.setupImage.161124.jpg,camillerumberger11@gmail.com
d34a427f,314_C2_KAL_gen-40_TempControl-7psu07/04/2024 18:11:06,1F23BCE1,7/4/2024 18:11:06,5,FALSE,0,58.5,NA,4.59,TRUE,TRUE,TRUE,,Setup_Images/d34a427f.setupImage.161306.jpg,camillerumberger11@gmail.com
01239d7c,257_C1_KUR_gen-33_TempControl-21psu07/04/2024 18:14:15,65DC0537,7/4/2024 18:14:15,5,TRUE,2,24,NA,1.03,FALSE,TRUE,TRUE,,Setup_Images/01239d7c.setupImage.164227.jpg,camillerumberger11@gmail.com
159cd1db,271_C1_KUR_gen-34_TempControl-7psu07/04/2024 18:18:14,BD5B9698,7/4/2024 18:18:14,5,FALSE,0,23.7,NA,1.37,FALSE,TRUE,TRUE,,Setup_Images/159cd1db.setupImage.164459.jpg,camillerumberger11@gmail.com
d494c6c8,278_C1_KUR_gen-35_TempControl-21psu07/04/2024 18:19:28,B1902229,7/4/2024 18:19:28,5,FALSE,0,28,NA,1.44,FALSE,TRUE,TRUE,,Setup_Images/d494c6c8.setupImage.162052.jpg,camillerumberger11@gmail.com
c5817f5e,281_C1_KUR_gen-36_TempControl-7psu07/04/2024 18:20:24,C5151972,7/4/2024 18:20:24,5,FALSE,0,22.2,NA,1.18,FALSE,TRUE,TRUE,,Setup_Images/c5817f5e.setupImage.162210.jpg,camillerumberger11@gmail.com
7a43a922,292_C2_KUR_gen-37_TempControl-21psu07/04/2024 18:21:56,5BB7D701,7/4/2024 18:21:56,3,FALSE,0,15.7,NA,1.16,FALSE,TRUE,TRUE,,Setup_Images/7a43a922.setupImage.162507.jpg,camillerumberger11@gmail.com
1fd429c9,303_C2_KUR_gen-38_TempControl-7psu07/04/2024 18:24:55,3F686EB4,7/4/2024 18:24:55,4,FALSE,0,15.8,NA,0.84,FALSE,TRUE,TRUE,,Setup_Images/1fd429c9.setupImage.162658.jpg,camillerumberger11@gmail.com
7b0034db,311_C2_KUR_gen-39_TempControl-21psu07/04/2024 18:25:55,6AF5FA86,7/4/2024 18:25:55,4,FALSE,0,16.4,NA,0.91,FALSE,TRUE,TRUE,,Setup_Images/7b0034db.setupImage.162648.jpg,camillerumberger11@gmail.com
9c7b067b,315_C2_KUR_gen-40_TempControl-7psu07/04/2024 18:26:59,CEFA616E,7/4/2024 18:26:59,4,FALSE,0,15,NA,0.76,FALSE,TRUE,TRUE,,Setup_Images/9c7b067b.setupImage.162818.jpg,camillerumberger11@gmail.com
c4d7d3ba,263_C1_VAT_gen-33_TempControl-21psu07/04/2024 18:45:07,CF62E6B7,7/4/2024 18:45:07,5,FALSE,0,44.7,NA,5.32,FALSE,TRUE,TRUE,,Setup_Images/c4d7d3ba.setupImage.165306.jpg,camillerumberger11@gmail.com
28ac486c,266_C1_VAT_gen-34_TempControl-7psu07/04/2024 18:52:55,9EB94206,7/4/2024 18:52:55,4,FALSE,0,41,NA,1.69,TRUE,TRUE,TRUE,,Setup_Images/28ac486c.setupImage.165459.jpg,camillerumberger11@gmail.com
a8045560,273_C1_VAT_gen-35_TempControl-21psu07/04/2024 18:54:43,23E08C1D,7/4/2024 18:54:43,5,FALSE,0,40.3,NA,4.25,FALSE,TRUE,TRUE,,Setup_Images/a8045560.setupImage.165801.jpg,camillerumberger11@gmail.com
3357346a,286_C1_VAT_gen-36_TempControl-7psu07/04/2024 18:58:15,24713C8F,7/4/2024 18:58:15,4,FALSE,0,42.4,NA,5.33,TRUE,TRUE,TRUE,,Setup_Images/3357346a.setupImage.170113.jpg,camillerumberger11@gmail.com
26232c7a,295_C2_VAT_gen-37_TempControl-21psu07/04/2024 19:01:42,EF521318,7/4/2024 19:01:42,5,FALSE,0,53,NA,6.83,FALSE,TRUE,TRUE,,Setup_Images/26232c7a.setupImage.170409.jpg,camillerumberger11@gmail.com
565ba8c1,302_C2_VAT_gen-38_TempControl-7psu07/04/2024 19:03:37,08C5D23A,7/4/2024 19:03:37,5,FALSE,0,36.4,NA,4.66,TRUE,TRUE,TRUE,,Setup_Images/565ba8c1.setupImage.170437.jpg,camillerumberger11@gmail.com
b5eff5ed,309_C2_VAT_gen-39_TempControl-21psu07/04/2024 19:04:17,07E66DE2,7/4/2024 19:04:17,4,FALSE,0,52.3,NA,7.38,TRUE,TRUE,TRUE,,Setup_Images/b5eff5ed.setupImage.170559.jpg,camillerumberger11@gmail.com
fdacb656,313_C2_VAT_gen-40_TempControl-7psu07/04/2024 19:05:34,40DB3B97,7/4/2024 19:05:34,5,FALSE,0,51,NA,5.08,TRUE,TRUE,TRUE,,Setup_Images/fdacb656.setupImage.170717.jpg,camillerumberger11@gmail.com
54165d04,261_C1_VIK_gen-33_TempControl-21psu07/04/2024 19:08:00,ED8DEECE,7/4/2024 19:08:00,5,FALSE,0,57,NA,5.13,FALSE,TRUE,TRUE,,Setup_Images/54165d04.setupImage.171419.jpg,camillerumberger11@gmail.com
0653ab9f,265_C1_VIK_gen-34_TempControl-7psu07/04/2024 19:12:38,BA62A866,7/4/2024 19:12:38,4,FALSE,0,25.3,NA,0.99,FALSE,TRUE,TRUE,,Setup_Images/0653ab9f.setupImage.171348.jpg,camillerumberger11@gmail.com
7e8092dc,280_C1_VIK_gen-35_TempControl-21psu07/04/2024 19:14:10,410FC168,7/4/2024 19:14:10,4,FALSE,0,15.2,NA,0.84,FALSE,TRUE,TRUE,,Setup_Images/7e8092dc.setupImage.171602.jpg,camillerumberger11@gmail.com
b951e762,283_C1_VIK_gen-36_TempControl-7psu07/04/2024 19:15:36,E808D4F4,7/4/2024 19:15:36,4,FALSE,0,11.5,NA,0.79,FALSE,TRUE,TRUE,,Setup_Images/b951e762.setupImage.171711.jpg,camillerumberger11@gmail.com
b92fdbe1,294_C2_VIK_gen-37_TempControl-21psu07/04/2024 19:16:57,F259DA7A,7/4/2024 19:16:57,4,FALSE,0,44.7,NA,3.83,FALSE,TRUE,TRUE,,Setup_Images/b92fdbe1.setupImage.171826.jpg,camillerumberger11@gmail.com
4c7b6631,297_C2_VIK_gen-38_TempControl-7psu07/04/2024 19:18:01,D72753A8,7/4/2024 19:18:01,3,FALSE,0,35.9,NA,3.95,TRUE,TRUE,TRUE,,Setup_Images/4c7b6631.setupImage.172004.jpg,camillerumberger11@gmail.com
cb27da1b,305_C2_VIK_gen-39_TempControl-21psu07/04/2024 19:19:39,1DCED0C6,7/4/2024 19:19:39,6,TRUE,3,24.7,NA,1.39,TRUE,TRUE,TRUE,,Setup_Images/cb27da1b.setupImage.172202.jpg,camillerumberger11@gmail.com
4535bd3a,317_C2_VIK_gen-40_TempControl-7psu07/04/2024 19:21:39,EC0AD605,7/4/2024 19:21:39,3,FALSE,0,21.7,NA,1.78,FALSE,TRUE,TRUE,,Setup_Images/4535bd3a.setupImage.172312.jpg,camillerumberger11@gmail.com
7d5c3069,197_B3_BAR_gen-25_TempWarm-16psu07/05/2024 07:29:36,81FC2B84,7/5/2024 7:29:36,4,FALSE,0,33.7,NA,1.43,FALSE,TRUE,TRUE,,Setup_Images/7d5c3069.setupImage.053325.jpg,camillerumberger11@gmail.com
ae84148c,208_B3_BAR_gen-26_TempWarm-5psu07/05/2024 07:33:06,4D2B82F5,7/5/2024 7:33:06,5,FALSE,0,47.5,NA,3.53,FALSE,TRUE,TRUE,,Setup_Images/ae84148c.setupImage.053433.jpg,camillerumberger11@gmail.com
daad4fe4,210_B3_BAR_gen-27_TempWarm-16psu07/05/2024 07:33:57,4EF6DA2E,7/5/2024 7:33:57,5,FALSE,0,38.1,NA,2.25,FALSE,TRUE,TRUE,,Setup_Images/daad4fe4.setupImage.053519.jpg,camillerumberger11@gmail.com
a673447e,219_B3_BAR_gen-28_TempWarm-5psu07/05/2024 07:35:44,61228BCA,7/5/2024 7:35:44,4,FALSE,0,31.3,NA,1.97,FALSE,TRUE,TRUE,,Setup_Images/a673447e.setupImage.053722.jpg,camillerumberger11@gmail.com
c8f4be74,230_B4_BAR_gen-29_TempWarm-16psu07/05/2024 07:36:58,F7DD756B,7/5/2024 7:36:58,4,FALSE,0,40,NA,1.65,FALSE,TRUE,TRUE,,Setup_Images/c8f4be74.setupImage.053811.jpg,camillerumberger11@gmail.com
e34624f6,235_B4_BAR_gen-30_TempWarm-5psu07/05/2024 07:37:50,BE788BE4,7/5/2024 7:37:50,5,FALSE,0,27.8,NA,1.74,TRUE,TRUE,TRUE,,Setup_Images/e34624f6.setupImage.053946.jpg,camillerumberger11@gmail.com
88a2c623,244_B4_BAR_gen-31_TempWarm-16psu07/05/2024 07:39:14,E9CC5A43,7/5/2024 7:39:14,5,FALSE,0,45,NA,2.84,FALSE,TRUE,TRUE,,Setup_Images/88a2c623.setupImage.054111.jpg,camillerumberger11@gmail.com
c1a394fa,249_B4_BAR_gen-32_TempWarm-5psu07/05/2024 07:41:04,B33461F4,7/5/2024 7:41:04,4,FALSE,0,29.4,NA,1.05,FALSE,TRUE,TRUE,,Setup_Images/c1a394fa.setupImage.054245.jpg,camillerumberger11@gmail.com
9e529ba1,325_C3_BAR_gen-41_TempControl-21psu07/05/2024 07:42:13,E2D20521,7/5/2024 7:42:13,4,FALSE,0,22,NA,1.63,FALSE,TRUE,TRUE,,Setup_Images/9e529ba1.setupImage.054330.jpg,camillerumberger11@gmail.com
d7c8f138,329_C3_BAR_gen-42_TempControl-7psu07/05/2024 07:42:46,78740BAF,7/5/2024 7:42:46,5,TRUE,2,19.3,NA,1.24,FALSE,TRUE,TRUE,,Setup_Images/d7c8f138.setupImage.054441.jpg,camillerumberger11@gmail.com
b8a9e2c3,339_C3_BAR_gen-43_TempControl-21psu07/05/2024 07:44:00,C1C604DE,7/5/2024 7:44:00,5,FALSE,0,39.5,NA,3.13,TRUE,TRUE,TRUE,,Setup_Images/b8a9e2c3.setupImage.054547.jpg,camillerumberger11@gmail.com
130841ee,348_C3_BAR_gen-44_TempControl-7psu07/05/2024 07:45:03,E2931BCD,7/5/2024 7:45:03,5,FALSE,0,43.4,NA,2.73,FALSE,TRUE,TRUE,,Setup_Images/130841ee.setupImage.054642.jpg,camillerumberger11@gmail.com
f6bd9b4d,358_C4_BAR_gen-45_TempControl-21psu07/05/2024 07:48:51,EFCF3073,7/5/2024 7:48:51,5,FALSE,0,35.7,NA,3.13,TRUE,TRUE,TRUE,,Setup_Images/f6bd9b4d.setupImage.055317.jpg,camillerumberger11@gmail.com
9c950618,365_C4_BAR_gen-46_TempControl-7psu07/05/2024 07:50:21,F4B5BC48,7/5/2024 7:50:21,5,FALSE,0,43.1,NA,2.93,FALSE,TRUE,TRUE,,Setup_Images/9c950618.setupImage.055355.jpg,camillerumberger11@gmail.com
7856eb34,376_C4_BAR_gen-47_TempControl-21psu07/05/2024 07:53:40,2924382A,7/5/2024 7:53:40,4,FALSE,0,35.9,NA,1.73,FALSE,TRUE,TRUE,,Setup_Images/7856eb34.setupImage.055510.jpg,camillerumberger11@gmail.com
d476ac85,379_C4_BAR_gen-48_TempControl-7psu07/05/2024 07:54:45,6AFDA286,7/5/2024 7:54:45,4,FALSE,0,32.7,NA,1.91,FALSE,TRUE,TRUE,,Setup_Images/d476ac85.setupImage.055819.jpg,camillerumberger11@gmail.com
fc5069aa,195_B3_BJO_gen-25_TempWarm-16psu07/05/2024 08:09:14,4AEB8C3C,7/5/2024 8:09:14,4,FALSE,0,30,NA,1.58,FALSE,TRUE,TRUE,,Setup_Images/fc5069aa.setupImage.061203.jpg,camillerumberger11@gmail.com
afb1732d,202_B3_BJO_gen-26_TempWarm-5psu07/05/2024 08:11:42,7EBEC80E,7/5/2024 8:11:42,4,FALSE,0,24.6,NA,1.83,FALSE,TRUE,TRUE,,Setup_Images/afb1732d.setupImage.061343.jpg,camillerumberger11@gmail.com
d25a6137,213_B3_BJO_gen-27_TempWarm-16psu07/05/2024 08:14:04,19FBC95D,7/5/2024 8:14:04,5,TRUE,2,38.1,NA,3.77,FALSE,TRUE,TRUE,,Setup_Images/d25a6137.setupImage.061619.jpg,camillerumberger11@gmail.com
566560a8,224_B3_BJO_gen-28_TempWarm-5psu07/05/2024 08:16:07,ED9164F5,7/5/2024 8:16:07,4,FALSE,0,37,NA,2.94,FALSE,TRUE,TRUE,,Setup_Images/566560a8.setupImage.061958.jpg,camillerumberger11@gmail.com
64ab2ff5,225_B4_BJO_gen-29_TempWarm-16psu07/05/2024 08:19:35,4A02D0E7,7/5/2024 8:19:35,4,FALSE,0,24.3,NA,1.45,FALSE,TRUE,TRUE,longest leaf end has been eaten,Setup_Images/64ab2ff5.setupImage.062056.jpg,camillerumberger11@gmail.com
986153b8,233_B4_BJO_gen-30_TempWarm-5psu07/05/2024 08:20:46,BB87AD6E,7/5/2024 8:20:46,4,FALSE,0,40,NA,2.62,FALSE,TRUE,TRUE,,Setup_Images/986153b8.setupImage.062225.jpg,camillerumberger11@gmail.com
ed28bf64,248_B4_BJO_gen-31_TempWarm-16psu07/05/2024 08:21:56,460B2716,7/5/2024 8:21:56,4,FALSE,0,24,NA,1.93,FALSE,TRUE,TRUE,,Setup_Images/ed28bf64.setupImage.062333.jpg,camillerumberger11@gmail.com
47468663,253_B4_BJO_gen-32_TempWarm-5psu07/05/2024 08:23:01,F7DF5B58,7/5/2024 8:23:01,4,FALSE,0,26,NA,1.6,FALSE,TRUE,TRUE,,Setup_Images/47468663.setupImage.062424.jpg,camillerumberger11@gmail.com
bb179d23,323_C3_BJO_gen-41_TempControl-21psu07/05/2024 08:24:10,02865EFA,7/5/2024 8:24:10,4,FALSE,0,40.5,NA,3.2,FALSE,TRUE,TRUE,,Setup_Images/bb179d23.setupImage.062542.jpg,camillerumberger11@gmail.com
bdcd4b9f,334_C3_BJO_gen-42_TempControl-7psu07/05/2024 08:25:24,231E391F,7/5/2024 8:25:24,4,FALSE,0,32.2,NA,2.5,FALSE,TRUE,TRUE,,Setup_Images/bdcd4b9f.setupImage.062643.jpg,camillerumberger11@gmail.com
d08541f6,342_C3_BJO_gen-43_TempControl-21psu07/05/2024 08:26:56,EF5A1CC4,7/5/2024 8:26:56,3,FALSE,0,35,NA,2.61,FALSE,TRUE,TRUE,,Setup_Images/d08541f6.setupImage.062846.jpg,camillerumberger11@gmail.com
6df55c25,346_C3_BJO_gen-44_TempControl-7psu07/05/2024 08:29:17,636F230D,7/5/2024 8:29:17,3,FALSE,0,37.4,NA,2.52,FALSE,TRUE,TRUE,,Setup_Images/6df55c25.setupImage.063040.jpg,camillerumberger11@gmail.com
a48af012,354_C4_BJO_gen-45_TempControl-21psu07/05/2024 08:30:21,1E84C205,7/5/2024 8:30:21,4,FALSE,0,38,NA,2.64,FALSE,TRUE,TRUE,,Setup_Images/a48af012.setupImage.063305.jpg,camillerumberger11@gmail.com
484b5629,366_C4_BJO_gen-46_TempControl-7psu07/05/2024 08:32:39,3CC9D199,7/5/2024 8:32:39,4,FALSE,0,28,NA,2.97,FALSE,TRUE,TRUE,,Setup_Images/484b5629.setupImage.063402.jpg,camillerumberger11@gmail.com
820000b6,371_C4_BJO_gen-47_TempControl-21psu07/05/2024 08:33:30,A6BD82D7,7/5/2024 8:33:30,4,FALSE,0,34.5,NA,2.22,FALSE,TRUE,TRUE,,Setup_Images/820000b6.setupImage.063610.jpg,camillerumberger11@gmail.com
c9c7abb3,384_C4_BJO_gen-48_TempControl-7psu07/05/2024 08:35:18,8B9B9456,7/5/2024 8:35:18,4,FALSE,0,32.5,NA,2.04,FALSE,TRUE,TRUE,,Setup_Images/c9c7abb3.setupImage.063605.jpg,camillerumberger11@gmail.com
6116b157,199_B3_HOG_gen-25_TempWarm-16psu07/05/2024 08:47:07,5B21EB07,7/5/2024 8:47:07,6,FALSE,0,71.7,NA,8.23,FALSE,TRUE,TRUE,,Setup_Images/6116b157.setupImage.065010.jpg,camillerumberger11@gmail.com
c13cd3ac,204_B3_HOG_gen-26_TempWarm-5psu07/05/2024 08:49:46,9A9B9D3E,7/5/2024 8:49:46,5,FALSE,0,53,NA,3.53,FALSE,TRUE,TRUE,,Setup_Images/c13cd3ac.setupImage.065203.jpg,camillerumberger11@gmail.com
bdb46d7d,211_B3_HOG_gen-27_TempWarm-16psu07/05/2024 08:51:43,2AE84501,7/5/2024 8:51:43,5,FALSE,0,36.5,NA,2.78,FALSE,TRUE,TRUE,,Setup_Images/bdb46d7d.setupImage.065321.jpg,camillerumberger11@gmail.com
e5251a33,220_B3_HOG_gen-28_TempWarm-5psu07/05/2024 08:52:54,7D0D2FF6,7/5/2024 8:52:54,4,FALSE,0,65.5,NA,3.27,FALSE,TRUE,TRUE,longest leaf eaten at the end,Setup_Images/e5251a33.setupImage.065425.jpg,camillerumberger11@gmail.com
ddd67217,226_B4_HOG_gen-29_TempWarm-16psu07/05/2024 08:54:10,213E07AA,7/5/2024 8:54:10,5,FALSE,0,58.5,NA,4.86,FALSE,TRUE,TRUE,,Setup_Images/ddd67217.setupImage.065535.jpg,camillerumberger11@gmail.com
9545a634,240_B4_HOG_gen-30_TempWarm-5psu07/05/2024 08:55:09,AD260483,7/5/2024 8:55:09,4,FALSE,0,39.2,NA,2.56,FALSE,TRUE,TRUE,,Setup_Images/9545a634.setupImage.065650.jpg,camillerumberger11@gmail.com
98ca5a23,246_B4_HOG_gen-31_TempWarm-16psu07/05/2024 08:56:13,C5FAF855,7/5/2024 8:56:13,5,FALSE,0,33,NA,1.96,FALSE,TRUE,TRUE,,Setup_Images/98ca5a23.setupImage.065802.jpg,camillerumberger11@gmail.com
ee79f6f8,250_B4_HOG_gen-32_TempWarm-5psu07/05/2024 08:57:20,5E98B24D,7/5/2024 8:57:20,5,FALSE,0,31.5,NA,1.96,FALSE,TRUE,TRUE,,Setup_Images/ee79f6f8.setupImage.065900.jpg,camillerumberger11@gmail.com
f552c5bc,326_C3_HOG_gen-41_TempControl-21psu07/05/2024 08:58:33,245CEECC,7/5/2024 8:58:33,5,FALSE,0,49.5,NA,3.59,FALSE,TRUE,TRUE,,Setup_Images/f552c5bc.setupImage.070026.jpg,camillerumberger11@gmail.com
74049083,330_C3_HOG_gen-42_TempControl-7psu07/05/2024 09:00:07,D624B9D1,7/5/2024 9:00:07,5,FALSE,0,42.6,NA,5.04,FALSE,TRUE,TRUE,,Setup_Images/74049083.setupImage.070230.jpg,camillerumberger11@gmail.com
3e52c638,338_C3_HOG_gen-43_TempControl-21psu07/05/2024 09:02:04,494FA012,7/5/2024 9:02:04,5,FALSE,0,38.4,NA,3.26,FALSE,TRUE,TRUE,,Setup_Images/3e52c638.setupImage.070403.jpg,camillerumberger11@gmail.com
24b0e74d,347_C3_HOG_gen-44_TempControl-7psu07/05/2024 09:05:27,F0F5F082,7/5/2024 9:05:27,5,FALSE,0,55.7,NA,3.8,FALSE,TRUE,TRUE,,Unable to load image data. Image may be missing or upload size may be too large for this device. The image may still be in the camera roll on the device.,camillerumberger11@gmail.com
23053c1d,357_C4_HOG_gen-45_TempControl-21psu07/05/2024 09:06:34,02EEB89D,7/5/2024 9:06:34,5,FALSE,0,56.5,NA,5.7,FALSE,TRUE,TRUE,,Unable to load image data. Image may be missing or upload size may be too large for this device. The image may still be in the camera roll on the device.,camillerumberger11@gmail.com
3f1ea41e,364_C4_HOG_gen-46_TempControl-7psu07/05/2024 09:07:53,8219C1B2,7/5/2024 9:07:53,5,FALSE,0,39.8,NA,2.8,FALSE,TRUE,TRUE,,Setup_Images/3f1ea41e.setupImage.070956.jpg,camillerumberger11@gmail.com
46be1970,372_C4_HOG_gen-47_TempControl-21psu07/05/2024 09:09:24,AA3BA9D5,7/5/2024 9:09:24,5,FALSE,0,45.4,NA,3.96,FALSE,TRUE,TRUE,,Setup_Images/46be1970.setupImage.071150.jpg,camillerumberger11@gmail.com
5fb990bb,377_C4_HOG_gen-48_TempControl-7psu07/05/2024 09:11:14,4EA5A829,7/5/2024 9:11:14,5,FALSE,0,29,NA,2.18,FALSE,TRUE,TRUE,,Setup_Images/5fb990bb.setupImage.071230.jpg,camillerumberger11@gmail.com
b8fad4b8,193_B3_HOR_gen-25_TempWarm-16psu07/05/2024 09:19:31,A05D1D5A,7/5/2024 9:19:31,5,FALSE,0,27.1,NA,2.28,FALSE,TRUE,TRUE,,Setup_Images/b8fad4b8.setupImage.072447.jpg,camillerumberger11@gmail.com
b247c4a1,205_B3_HOR_gen-26_TempWarm-5psu07/05/2024 09:23:31,3434060E,7/5/2024 9:23:31,5,FALSE,0,38.2,NA,2.11,FALSE,TRUE,TRUE,,Setup_Images/b247c4a1.setupImage.072426.jpg,camillerumberger11@gmail.com
20804518,215_B3_HOR_gen-27_TempWarm-16psu07/05/2024 09:24:32,8DFD17F6,7/5/2024 9:24:32,5,FALSE,0,40.2,NA,2.58,FALSE,TRUE,TRUE,,Setup_Images/20804518.setupImage.072624.jpg,camillerumberger11@gmail.com
1b8e67df,223_B3_HOR_gen-28_TempWarm-5psu07/05/2024 09:25:59,439F7E30,7/5/2024 9:25:59,4,FALSE,0,28.7,NA,1.9,FALSE,TRUE,TRUE,,Setup_Images/1b8e67df.setupImage.072833.jpg,camillerumberger11@gmail.com
3302f3b4,227_B4_HOR_gen-29_TempWarm-16psu07/05/2024 09:28:09,F5C458B6,7/5/2024 9:28:09,4,FALSE,0,33.4,NA,2.25,TRUE,TRUE,TRUE,,Setup_Images/3302f3b4.setupImage.072854.jpg,camillerumberger11@gmail.com
70d5aa9f,234_B4_HOR_gen-30_TempWarm-5psu07/05/2024 09:29:05,284511D2,7/5/2024 9:29:05,5,FALSE,0,38.4,NA,2.66,FALSE,TRUE,TRUE,,Setup_Images/70d5aa9f.setupImage.073053.jpg,camillerumberger11@gmail.com
0dec05df,242_B4_HOR_gen-31_TempWarm-16psu07/05/2024 09:29:45,C462F218,7/5/2024 9:29:45,5,FALSE,0,36.7,NA,2.26,FALSE,TRUE,TRUE,,Setup_Images/0dec05df.setupImage.073042.jpg,camillerumberger11@gmail.com
937e69bd,256_B4_HOR_gen-32_TempWarm-5psu07/05/2024 09:30:46,AF83CB3C,7/5/2024 9:30:46,5,FALSE,0,25.8,NA,2.03,FALSE,TRUE,TRUE,,Setup_Images/937e69bd.setupImage.073234.jpg,camillerumberger11@gmail.com
d1f27ea6,328_C3_HOR_gen-41_TempControl-21psu07/05/2024 09:32:05,4044E84A,7/5/2024 9:32:05,5,FALSE,0,37.8,NA,2.01,FALSE,TRUE,TRUE,,Setup_Images/d1f27ea6.setupImage.073324.jpg,camillerumberger11@gmail.com
89c49d92,336_C3_HOR_gen-42_TempControl-7psu07/05/2024 09:32:50,BE1C8E84,7/5/2024 9:32:50,4,FALSE,0,37,NA,2.05,FALSE,TRUE,TRUE,,Setup_Images/89c49d92.setupImage.073429.jpg,camillerumberger11@gmail.com
5c98a354,341_C3_HOR_gen-43_TempControl-21psu07/05/2024 09:35:27,CA14A98B,7/5/2024 9:35:27,4,FALSE,0,37.9,NA,1.93,FALSE,TRUE,TRUE,,Setup_Images/5c98a354.setupImage.073843.jpg,camillerumberger11@gmail.com
a6fa5689,349_C3_HOR_gen-44_TempControl-7psu07/05/2024 09:37:05,DE1C06E2,7/5/2024 9:37:05,4,FALSE,0,38.2,NA,2.26,FALSE,TRUE,TRUE,,Setup_Images/a6fa5689.setupImage.073833.jpg,camillerumberger11@gmail.com
32207839,355_C4_HOR_gen-45_TempControl-21psu07/05/2024 09:38:00,7864D233,7/5/2024 9:38:00,4,FALSE,0,28.4,NA,1.78,FALSE,TRUE,TRUE,,Setup_Images/32207839.setupImage.073939.jpg,camillerumberger11@gmail.com
2dd2fd51,368_C4_HOR_gen-46_TempControl-7psu07/05/2024 09:39:23,F23CC95A,7/5/2024 9:39:23,4,FALSE,0,59.8,NA,3.2,FALSE,TRUE,TRUE,,Setup_Images/2dd2fd51.setupImage.074101.jpg,camillerumberger11@gmail.com
e2d163c6,370_C4_HOR_gen-47_TempControl-21psu07/05/2024 09:40:42,364737F8,7/5/2024 9:40:42,5,FALSE,0,25.7,NA,1.89,TRUE,TRUE,TRUE,,Setup_Images/e2d163c6.setupImage.074153.jpg,camillerumberger11@gmail.com
5a63a907,381_C4_HOR_gen-48_TempControl-7psu07/05/2024 09:41:46,EDCF697E,7/5/2024 9:41:46,5,FALSE,0,45.5,NA,2.86,FALSE,TRUE,TRUE,,Setup_Images/5a63a907.setupImage.074323.jpg,camillerumberger11@gmail.com
725e7b18,196_B3_KAL_gen-25_TempWarm-16psu07/05/2024 10:38:41,1605D38B,7/5/2024 10:38:41,5,FALSE,0,52.5,NA,2.87,FALSE,TRUE,TRUE,,Setup_Images/725e7b18.setupImage.084151.jpg,camillerumberger11@gmail.com
34ab5335,206_B3_KAL_gen-26_TempWarm-5psu07/05/2024 10:41:24,4A5525A0,7/5/2024 10:41:24,5,FALSE,0,53.5,NA,2.36,TRUE,TRUE,TRUE,,Setup_Images/34ab5335.setupImage.084252.jpg,camillerumberger11@gmail.com
d40cfd03,214_B3_KAL_gen-27_TempWarm-16psu07/05/2024 10:42:23,8A6EA6F4,7/5/2024 10:42:23,6,FALSE,0,59,NA,3.4,FALSE,TRUE,TRUE,,Setup_Images/d40cfd03.setupImage.084417.jpg,camillerumberger11@gmail.com
b4295610,221_B3_KAL_gen-28_TempWarm-5psu07/05/2024 10:44:09,E60EB8F1,7/5/2024 10:44:09,5,FALSE,0,35.3,NA,1.69,FALSE,TRUE,TRUE,,Setup_Images/b4295610.setupImage.084527.jpg,camillerumberger11@gmail.com
9f917ff5,232_B4_KAL_gen-29_TempWarm-16psu07/05/2024 10:45:36,B901DB9B,7/5/2024 10:45:36,5,FALSE,0,69.7,NA,4.31,FALSE,TRUE,TRUE,,Setup_Images/9f917ff5.setupImage.084734.jpg,camillerumberger11@gmail.com
59660e7d,238_B4_KAL_gen-30_TempWarm-5psu07/05/2024 10:50:23,5CFF0850,7/5/2024 10:50:23,5,FALSE,0,49.7,NA,2.4,FALSE,TRUE,TRUE,,Setup_Images/59660e7d.setupImage.085213.jpg,camillerumberger11@gmail.com
57f0af0f,241_B4_KAL_gen-31_TempWarm-16psu07/05/2024 10:51:44,517E8522,7/5/2024 10:51:44,5,FALSE,0,44.8,NA,2.24,FALSE,TRUE,TRUE,,Setup_Images/57f0af0f.setupImage.085302.jpg,camillerumberger11@gmail.com
752932ce,255_B4_KAL_gen-32_TempWarm-5psu07/05/2024 10:52:39,BD0D83AC,7/5/2024 10:52:39,5,FALSE,0,45.9,NA,2.1,FALSE,TRUE,TRUE,,Setup_Images/752932ce.setupImage.085439.jpg,camillerumberger11@gmail.com
5a46880c,324_C3_KAL_gen-41_TempControl-21psu07/05/2024 10:54:06,C76DB90F,7/5/2024 10:54:06,5,FALSE,0,55.2,NA,4.65,FALSE,TRUE,TRUE,,Setup_Images/5a46880c.setupImage.085605.jpg,camillerumberger11@gmail.com
116c0c09,335_C3_KAL_gen-42_TempControl-7psu07/05/2024 10:55:23,53558C76,7/5/2024 10:55:23,4,FALSE,0,45,NA,1.99,FALSE,TRUE,TRUE,longest shoot eaten at end,Setup_Images/116c0c09.setupImage.085704.jpg,camillerumberger11@gmail.com
5716ecdd,337_C3_KAL_gen-43_TempControl-21psu07/05/2024 10:57:14,53A0B1FD,7/5/2024 10:57:14,4,FALSE,0,44,NA,1.81,FALSE,TRUE,TRUE,,Setup_Images/5716ecdd.setupImage.090001.jpg,camillerumberger11@gmail.com
e44d6a29,350_C3_KAL_gen-44_TempControl-7psu07/05/2024 11:00:10,73E94BE4,7/5/2024 11:00:10,5,FALSE,0,41.5,NA,2.54,FALSE,TRUE,TRUE,,Setup_Images/e44d6a29.setupImage.090207.jpg,camillerumberger11@gmail.com
54cd798e,353_C4_KAL_gen-45_TempControl-21psu07/05/2024 11:01:34,A73247B3,7/5/2024 11:01:34,5,FALSE,0,63.3,NA,4.12,FALSE,TRUE,TRUE,,Setup_Images/54cd798e.setupImage.090322.jpg,camillerumberger11@gmail.com
768ec4de,362_C4_KAL_gen-46_TempControl-7psu07/05/2024 11:02:54,9E7F7C5E,7/5/2024 11:02:54,5,FALSE,0,49.6,NA,3.15,FALSE,TRUE,TRUE,,Setup_Images/768ec4de.setupImage.090421.jpg,camillerumberger11@gmail.com
fb277847,374_C4_KAL_gen-47_TempControl-21psu07/05/2024 11:03:56,F7C4D06A,7/5/2024 11:03:56,5,FALSE,0,80.6,NA,4.91,TRUE,TRUE,TRUE,,Setup_Images/fb277847.setupImage.090537.jpg,camillerumberger11@gmail.com
2678d51a,380_C4_KAL_gen-48_TempControl-7psu07/05/2024 11:05:04,5FB53E08,7/5/2024 11:05:04,5,FALSE,0,51,NA,3.18,TRUE,TRUE,TRUE,,Setup_Images/2678d51a.setupImage.090623.jpg,camillerumberger11@gmail.com
a9e69eab,194_B3_KUR_gen-25_TempWarm-16psu07/05/2024 11:22:12,9C36CBD3,7/5/2024 11:22:12,4,FALSE,0,20.5,NA,0.94,FALSE,TRUE,TRUE,,Setup_Images/a9e69eab.setupImage.092258.jpg,camillerumberger11@gmail.com
8ce2cf15,203_B3_KUR_gen-26_TempWarm-5psu07/05/2024 11:23:14,4A19D102,7/5/2024 11:23:14,4,FALSE,0,14.2,NA,0.68,FALSE,TRUE,TRUE,,Setup_Images/8ce2cf15.setupImage.092435.jpg,camillerumberger11@gmail.com
2ce38d3d,212_B3_KUR_gen-27_TempWarm-16psu07/05/2024 11:24:19,A592250B,7/5/2024 11:24:19,4,FALSE,0,24.7,NA,1.36,FALSE,TRUE,TRUE,,Setup_Images/2ce38d3d.setupImage.092548.jpg,camillerumberger11@gmail.com
8944f880,217_B3_KUR_gen-28_TempWarm-5psu07/05/2024 11:25:43,76F6546D,7/5/2024 11:25:43,5,FALSE,0,21.4,NA,1.32,FALSE,TRUE,TRUE,,Setup_Images/8944f880.setupImage.092720.jpg,camillerumberger11@gmail.com
0d1da080,229_B4_KUR_gen-29_TempWarm-16psu07/05/2024 11:26:57,A72CE119,7/5/2024 11:26:57,5,FALSE,0,20.5,NA,1.21,FALSE,TRUE,TRUE,,Setup_Images/0d1da080.setupImage.092813.jpg,camillerumberger11@gmail.com
a10b8af0,239_B4_KUR_gen-30_TempWarm-5psu07/05/2024 11:27:46,6365CBCA,7/5/2024 11:27:46,4,FALSE,0,14.8,NA,0.82,FALSE,TRUE,TRUE,,Setup_Images/a10b8af0.setupImage.092912.jpg,camillerumberger11@gmail.com
8a6fe934,243_B4_KUR_gen-31_TempWarm-16psu07/05/2024 11:28:49,2C9BBFF3,7/5/2024 11:28:49,4,FALSE,0,32.3,NA,1.68,FALSE,TRUE,TRUE,,Setup_Images/8a6fe934.setupImage.093005.jpg,camillerumberger11@gmail.com
90aa0176,254_B4_KUR_gen-32_TempWarm-5psu07/05/2024 11:29:41,F0C97436,7/5/2024 11:29:41,4,FALSE,0,18.5,NA,1.21,FALSE,TRUE,TRUE,,Setup_Images/90aa0176.setupImage.093142.jpg,camillerumberger11@gmail.com
e05ae433,327_C3_KUR_gen-41_TempControl-21psu07/05/2024 11:31:23,E7FA955E,7/5/2024 11:31:23,5,FALSE,0,14.5,NA,0.78,FALSE,TRUE,TRUE,,Setup_Images/e05ae433.setupImage.093223.jpg,camillerumberger11@gmail.com
6fc2ce46,333_C3_KUR_gen-42_TempControl-7psu07/05/2024 11:32:49,0AE8CED3,7/5/2024 11:32:49,6,TRUE,2,23.6,NA,1.09,FALSE,TRUE,TRUE,,Setup_Images/6fc2ce46.setupImage.093458.jpg,camillerumberger11@gmail.com
4fea01a4,344_C3_KUR_gen-43_TempControl-21psu07/05/2024 11:34:29,C524DAE9,7/5/2024 11:34:29,5,FALSE,0,34.5,NA,1.15,FALSE,TRUE,TRUE,,Setup_Images/4fea01a4.setupImage.093626.jpg,camillerumberger11@gmail.com
a84475e3,345_C3_KUR_gen-44_TempControl-7psu07/05/2024 11:36:02,B4D64770,7/5/2024 11:36:02,5,FALSE,0,20.8,NA,1.1,FALSE,TRUE,TRUE,,Setup_Images/a84475e3.setupImage.093711.jpg,camillerumberger11@gmail.com
47f8cf0a,360_C4_KUR_gen-45_TempControl-21psu07/05/2024 11:36:57,C266C635,7/5/2024 11:36:57,5,FALSE,0,22.3,NA,1.39,FALSE,TRUE,TRUE,,Setup_Images/47f8cf0a.setupImage.093811.jpg,camillerumberger11@gmail.com
8b58f543,363_C4_KUR_gen-46_TempControl-7psu07/05/2024 11:38:12,368A080A,7/5/2024 11:38:12,4,FALSE,0,13.2,NA,0.68,FALSE,TRUE,TRUE,,Setup_Images/8b58f543.setupImage.093936.jpg,camillerumberger11@gmail.com
49db00a7,375_C4_KUR_gen-47_TempControl-21psu07/05/2024 11:39:36,C59D83B9,7/5/2024 11:39:36,5,FALSE,0,17.7,NA,1.39,FALSE,TRUE,TRUE,,Setup_Images/49db00a7.setupImage.094117.jpg,camillerumberger11@gmail.com
ce1660f2,382_C4_KUR_gen-48_TempControl-7psu07/05/2024 11:40:51,0B0AFBF1,7/5/2024 11:40:51,4,FALSE,0,14.8,NA,0.98,FALSE,TRUE,TRUE,,Setup_Images/ce1660f2.setupImage.094310.jpg,camillerumberger11@gmail.com
11cdd758,200_B3_VAT_gen-25_TempWarm-16psu07/05/2024 11:57:44,A8C78462,7/5/2024 11:57:44,4,FALSE,0,67.5,NA,8.2,TRUE,TRUE,TRUE,,Setup_Images/11cdd758.setupImage.100037.jpg,camillerumberger11@gmail.com
3b2c0d3a,201_B3_VAT_gen-26_TempWarm-5psu07/05/2024 11:59:50,D54217A1,7/5/2024 11:59:50,5,FALSE,0,44.5,NA,6.61,TRUE,TRUE,TRUE,,Setup_Images/3b2c0d3a.setupImage.100126.jpg,camillerumberger11@gmail.com
9c181306,216_B3_VAT_gen-27_TempWarm-16psu07/05/2024 12:01:05,1478213F,7/5/2024 12:01:05,5,FALSE,0,45,NA,4.99,TRUE,TRUE,TRUE,longest shoot eaten at end,Setup_Images/9c181306.setupImage.100217.jpg,camillerumberger11@gmail.com
14b9da8c,218_B3_VAT_gen-28_TempWarm-5psu07/05/2024 12:02:03,23BB6CDA,7/5/2024 12:02:03,5,FALSE,0,55.7,NA,7.01,TRUE,TRUE,TRUE,,Setup_Images/14b9da8c.setupImage.100746.jpg,camillerumberger11@gmail.com
96151fcc,228_B4_VAT_gen-29_TempWarm-16psu07/05/2024 12:07:15,B6E47B16,7/5/2024 12:07:15,4,FALSE,0,26.4,NA,3.29,TRUE,TRUE,TRUE,,Setup_Images/96151fcc.setupImage.100855.jpg,camillerumberger11@gmail.com
4f42a3e7,236_B4_VAT_gen-30_TempWarm-5psu07/05/2024 12:09:02,24E29CC3,7/5/2024 12:09:02,5,FALSE,0,49,NA,6.15,TRUE,TRUE,TRUE,,Setup_Images/4f42a3e7.setupImage.101049.jpg,camillerumberger11@gmail.com
5858f523,247_B4_VAT_gen-31_TempWarm-16psu07/05/2024 12:10:37,BA6BB612,7/5/2024 12:10:37,5,FALSE,0,40.5,NA,4.63,TRUE,TRUE,TRUE,,Setup_Images/5858f523.setupImage.101251.jpg,camillerumberger11@gmail.com
a8512560,252_B4_VAT_gen-32_TempWarm-5psu07/05/2024 12:12:34,6633FBD4,7/5/2024 12:12:34,4,FALSE,0,39,NA,3.45,TRUE,TRUE,TRUE,,Setup_Images/a8512560.setupImage.101355.jpg,camillerumberger11@gmail.com
c9d8e1fc,322_C3_VAT_gen-41_TempControl-21psu07/05/2024 12:13:39,391F2678,7/5/2024 12:13:39,5,FALSE,0,55,NA,7.17,TRUE,TRUE,TRUE,,Setup_Images/c9d8e1fc.setupImage.101535.jpg,camillerumberger11@gmail.com
4886df4c,332_C3_VAT_gen-42_TempControl-7psu07/05/2024 12:14:53,760DF893,7/5/2024 12:14:53,5,FALSE,0,32.3,NA,4.83,TRUE,TRUE,TRUE,,Setup_Images/4886df4c.setupImage.101714.jpg,camillerumberger11@gmail.com
79d1b8f8,343_C3_VAT_gen-43_TempControl-21psu07/05/2024 12:16:49,7D7766F2,7/5/2024 12:16:49,5,FALSE,0,55.4,NA,6.09,TRUE,TRUE,TRUE,,Setup_Images/79d1b8f8.setupImage.101916.jpg,camillerumberger11@gmail.com
1951931c,351_C3_VAT_gen-44_TempControl-7psu07/05/2024 12:18:36,6B73C520,7/5/2024 12:18:36,6,FALSE,0,63,NA,8.89,TRUE,TRUE,TRUE,,Setup_Images/1951931c.setupImage.102028.jpg,camillerumberger11@gmail.com
e6ea97b8,359_C4_VAT_gen-45_TempControl-21psu07/05/2024 12:19:59,9A291399,7/5/2024 12:19:59,5,FALSE,0,70,NA,9.58,TRUE,TRUE,TRUE,,Setup_Images/e6ea97b8.setupImage.102541.jpg,camillerumberger11@gmail.com
84fcb751,361_C4_VAT_gen-46_TempControl-7psu07/05/2024 12:22:43,0B222B81,7/5/2024 12:22:43,5,FALSE,0,56.4,NA,9.01,TRUE,TRUE,TRUE,,Setup_Images/84fcb751.setupImage.102348.jpg,camillerumberger11@gmail.com
be78e088,373_C4_VAT_gen-47_TempControl-21psu07/05/2024 12:38:04,CD27BCB1,7/5/2024 12:38:04,5,FALSE,0,37.9,NA,4.45,TRUE,TRUE,TRUE,,Setup_Images/be78e088.setupImage.104052.jpg,camillerumberger11@gmail.com
891a8501,378_C4_VAT_gen-48_TempControl-7psu07/05/2024 12:40:16,7F8714CE,7/5/2024 12:40:16,6,FALSE,0,40.5,NA,3.06,TRUE,TRUE,TRUE,,Setup_Images/891a8501.setupImage.104213.jpg,camillerumberger11@gmail.com
d454b2b2,198_B3_VIK_gen-25_TempWarm-16psu07/05/2024 12:42:40,751EAAE5,7/5/2024 12:42:40,4,FALSE,0,12.5,NA,0.71,FALSE,TRUE,TRUE,,Setup_Images/d454b2b2.setupImage.104417.jpg,camillerumberger11@gmail.com
a31a50c2,207_B3_VIK_gen-26_TempWarm-5psu07/05/2024 12:43:53,CD9C15C9,7/5/2024 12:43:53,4,FALSE,0,20.5,NA,1.13,FALSE,TRUE,TRUE,,Setup_Images/a31a50c2.setupImage.104536.jpg,camillerumberger11@gmail.com
6691a463,209_B3_VIK_gen-27_TempWarm-16psu07/05/2024 12:45:20,D5F6FDA1,7/5/2024 12:45:20,4,FALSE,0,13.5,NA,0.7,TRUE,TRUE,TRUE,,Setup_Images/6691a463.setupImage.104644.jpg,camillerumberger11@gmail.com
369cc688,222_B3_VIK_gen-28_TempWarm-5psu07/05/2024 12:46:16,DDF887C6,7/5/2024 12:46:16,4,FALSE,0,18.5,NA,1,FALSE,TRUE,TRUE,,Setup_Images/369cc688.setupImage.104801.jpg,camillerumberger11@gmail.com
7d2d2b5e,231_B4_VIK_gen-29_TempWarm-16psu07/05/2024 12:47:48,9CDB42F6,7/5/2024 12:47:48,5,FALSE,0,30.9,NA,1.28,TRUE,TRUE,TRUE,,Setup_Images/7d2d2b5e.setupImage.105019.jpg,camillerumberger11@gmail.com
3f0f3585,237_B4_VIK_gen-30_TempWarm-5psu07/05/2024 12:49:59,A93CDD44,7/5/2024 12:49:59,4,FALSE,0,35.1,NA,1.99,FALSE,TRUE,TRUE,,Setup_Images/3f0f3585.setupImage.105129.jpg,camillerumberger11@gmail.com
8836bbf7,245_B4_VIK_gen-31_TempWarm-16psu07/05/2024 12:50:55,22B5DDA3,7/5/2024 12:50:55,4,FALSE,0,16.1,NA,1.12,TRUE,TRUE,TRUE,,Setup_Images/8836bbf7.setupImage.105322.jpg,camillerumberger11@gmail.com
f6db919b,251_B4_VIK_gen-32_TempWarm-5psu07/05/2024 12:53:11,B9FC7FC4,7/5/2024 12:53:11,5,FALSE,0,28,NA,2.33,TRUE,TRUE,TRUE,,Setup_Images/f6db919b.setupImage.105532.jpg,camillerumberger11@gmail.com
7295c5bd,321_C3_VIK_gen-41_TempControl-21psu07/05/2024 12:55:17,F44EBAC1,7/5/2024 12:55:17,4,FALSE,0,16.7,NA,1.12,FALSE,TRUE,TRUE,,Setup_Images/7295c5bd.setupImage.105628.jpg,camillerumberger11@gmail.com
4940c7e2,331_C3_VIK_gen-42_TempControl-7psu07/05/2024 12:56:00,E6C90B44,7/5/2024 12:56:00,3,FALSE,0,14.9,NA,0.6,FALSE,TRUE,TRUE,,Setup_Images/4940c7e2.setupImage.105755.jpg,camillerumberger11@gmail.com
21c908fc,340_C3_VIK_gen-43_TempControl-21psu07/05/2024 12:57:36,64B68505,7/5/2024 12:57:36,4,FALSE,0,17.5,NA,0.83,FALSE,TRUE,TRUE,,Setup_Images/21c908fc.setupImage.105900.jpg,camillerumberger11@gmail.com
521bf291,352_C3_VIK_gen-44_TempControl-7psu07/05/2024 12:58:32,98A93669,7/5/2024 12:58:32,4,FALSE,0,34,NA,3.08,TRUE,TRUE,TRUE,,Setup_Images/521bf291.setupImage.110000.jpg,camillerumberger11@gmail.com
e5e83196,356_C4_VIK_gen-45_TempControl-21psu07/05/2024 13:00:08,E9F7E134,7/5/2024 13:00:08,4,FALSE,0,26.7,NA,1.92,TRUE,TRUE,TRUE,,Setup_Images/e5e83196.setupImage.110116.jpg,camillerumberger11@gmail.com
86d0794e,367_C4_VIK_gen-46_TempControl-7psu07/05/2024 13:00:56,5A57A59D,7/5/2024 13:00:56,4,FALSE,0,36.2,NA,2.1,FALSE,TRUE,TRUE,,Setup_Images/86d0794e.setupImage.110309.jpg,camillerumberger11@gmail.com
1e785dfe,369_C4_VIK_gen-47_TempControl-21psu07/05/2024 13:07:34,0F98B60D,7/5/2024 13:07:34,4,FALSE,0,13.5,NA,0.87,FALSE,TRUE,TRUE,,Setup_Images/1e785dfe.setupImage.110954.jpg,camillerumberger11@gmail.com
e5541e47,383_C4_VIK_gen-48_TempControl-7psu07/05/2024 13:10:43,9484854F,7/5/2024 13:10:43,4,FALSE,0,16,NA,1.04,FALSE,TRUE,TRUE,,Setup_Images/e5541e47.setupImage.111233.jpg,camillerumberger11@gmail.com