"","trt","bagnum","tank","pop","genet","ind","max_temp","med_temp","min_sal","avg_sal"
"33","TempControl-21psu","001","A1","HOR","gen-01","HOR_gen-01",27.02447265625,20.16041015625,21,21
"68","TempControl-21psu","002","A1","KUR","gen-01","KUR_gen-01",27.02447265625,20.16041015625,21,21
"1","TempControl-21psu","003","A1","BAR","gen-01","BAR_gen-01",27.02447265625,20.16041015625,21,21
"49","TempControl-21psu","004","A1","HOG","gen-01","HOG_gen-01",27.02447265625,20.16041015625,21,21
"8","TempControl-21psu","005","A1","VIK","gen-01","VIK_gen-01",27.02447265625,20.16041015625,21,21
"24","TempControl-21psu","006","A1","VAT","gen-01","VAT_gen-01",27.02447265625,20.16041015625,21,21
"57","TempControl-21psu","007","A1","KAL","gen-01","KAL_gen-01",27.02447265625,20.16041015625,21,21
"25","TempControl-21psu","008","A1","BJO","gen-01","BJO_gen-01",27.02447265625,20.16041015625,21,21
"139","TempControl-7psu","009","A1","KAL","gen-02","KAL_gen-02",27.02447265625,20.16041015625,7,7
"163","TempControl-7psu","010","A1","KUR","gen-02","KUR_gen-02",27.02447265625,20.16041015625,7,7
"111","TempControl-7psu","011","A1","BJO","gen-02","BJO_gen-02",27.02447265625,20.16041015625,7,7
"130","TempControl-7psu","012","A1","VIK","gen-02","VIK_gen-02",27.02447265625,20.16041015625,7,7
"187","TempControl-7psu","013","A1","VAT","gen-02","VAT_gen-02",27.02447265625,20.16041015625,7,7
"119","TempControl-7psu","014","A1","HOR","gen-02","HOR_gen-02",27.02447265625,20.16041015625,7,7
"131","TempControl-7psu","015","A1","HOG","gen-02","HOG_gen-02",27.02447265625,20.16041015625,7,7
"164","TempControl-7psu","016","A1","BAR","gen-02","BAR_gen-02",27.02447265625,20.16041015625,7,7
"10","TempControl-21psu","017","A1","VIK","gen-03","VIK_gen-03",27.02447265625,20.16041015625,21,21
"51","TempControl-21psu","018","A1","HOG","gen-03","HOG_gen-03",27.02447265625,20.16041015625,21,21
"26","TempControl-21psu","019","A1","VAT","gen-03","VAT_gen-03",27.02447265625,20.16041015625,21,21
"27","TempControl-21psu","020","A1","BJO","gen-03","BJO_gen-03",27.02447265625,20.16041015625,21,21
"3","TempControl-21psu","021","A1","BAR","gen-03","BAR_gen-03",27.02447265625,20.16041015625,21,21
"59","TempControl-21psu","022","A1","KAL","gen-03","KAL_gen-03",27.02447265625,20.16041015625,21,21
"35","TempControl-21psu","023","A1","HOR","gen-03","HOR_gen-03",27.02447265625,20.16041015625,21,21
"2","TempControl-21psu","024","A1","KUR","gen-03","KUR_gen-03",27.02447265625,20.16041015625,21,21
"172","TempControl-7psu","025","A1","VAT","gen-04","VAT_gen-04",27.02447265625,20.16041015625,7,7
"133","TempControl-7psu","026","A1","HOG","gen-04","HOG_gen-04",27.02447265625,20.16041015625,7,7
"132","TempControl-7psu","027","A1","VIK","gen-04","VIK_gen-04",27.02447265625,20.16041015625,7,7
"153","TempControl-7psu","028","A1","BAR","gen-04","BAR_gen-04",27.02447265625,20.16041015625,7,7
"165","TempControl-7psu","029","A1","KUR","gen-04","KUR_gen-04",27.02447265625,20.16041015625,7,7
"141","TempControl-7psu","030","A1","KAL","gen-04","KAL_gen-04",27.02447265625,20.16041015625,7,7
"117","TempControl-7psu","031","A1","HOR","gen-04","HOR_gen-04",27.02447265625,20.16041015625,7,7
"122","TempControl-7psu","032","A1","BJO","gen-04","BJO_gen-04",27.02447265625,20.16041015625,7,7
"12","TempControl-21psu","033","A2","VIK","gen-05","VIK_gen-05",27.02447265625,20.16041015625,21,21
"28","TempControl-21psu","034","A2","VAT","gen-05","VAT_gen-05",27.02447265625,20.16041015625,21,21
"37","TempControl-21psu","035","A2","HOR","gen-05","HOR_gen-05",27.02447265625,20.16041015625,21,21
"29","TempControl-21psu","036","A2","BJO","gen-05","BJO_gen-05",27.02447265625,20.16041015625,21,21
"61","TempControl-21psu","037","A2","KAL","gen-05","KAL_gen-05",27.02447265625,20.16041015625,21,21
"5","TempControl-21psu","038","A2","BAR","gen-05","BAR_gen-05",27.02447265625,20.16041015625,21,21
"53","TempControl-21psu","039","A2","HOG","gen-05","HOG_gen-05",27.02447265625,20.16041015625,21,21
"4","TempControl-21psu","040","A2","KUR","gen-05","KUR_gen-05",27.02447265625,20.16041015625,21,21
"180","TempControl-7psu","041","A2","VAT","gen-06","VAT_gen-06",27.02447265625,20.16041015625,7,7
"175","TempControl-7psu","042","A2","HOG","gen-06","HOG_gen-06",27.02447265625,20.16041015625,7,7
"151","TempControl-7psu","043","A2","BJO","gen-06","BJO_gen-06",27.02447265625,20.16041015625,7,7
"127","TempControl-7psu","044","A2","KUR","gen-06","KUR_gen-06",27.02447265625,20.16041015625,7,7
"100","TempControl-7psu","045","A2","BAR","gen-06","BAR_gen-06",27.02447265625,20.16041015625,7,7
"134","TempControl-7psu","046","A2","VIK","gen-06","VIK_gen-06",27.02447265625,20.16041015625,7,7
"116","TempControl-7psu","047","A2","KAL","gen-06","KAL_gen-06",27.02447265625,20.16041015625,7,7
"159","TempControl-7psu","048","A2","HOR","gen-06","HOR_gen-06",27.02447265625,20.16041015625,7,7
"15","TempControl-21psu","049","A2","HOG","gen-07","HOG_gen-07",27.02447265625,20.16041015625,21,21
"31","TempControl-21psu","050","A2","BJO","gen-07","BJO_gen-07",27.02447265625,20.16041015625,21,21
"79","TempControl-21psu","051","A2","HOR","gen-07","HOR_gen-07",27.02447265625,20.16041015625,21,21
"63","TempControl-21psu","052","A2","KAL","gen-07","KAL_gen-07",27.02447265625,20.16041015625,21,21
"30","TempControl-21psu","053","A2","VAT","gen-07","VAT_gen-07",27.02447265625,20.16041015625,21,21
"6","TempControl-21psu","054","A2","KUR","gen-07","KUR_gen-07",27.02447265625,20.16041015625,21,21
"54","TempControl-21psu","055","A2","VIK","gen-07","VIK_gen-07",27.02447265625,20.16041015625,21,21
"7","TempControl-21psu","056","A2","BAR","gen-07","BAR_gen-07",27.02447265625,20.16041015625,21,21
"170","TempControl-7psu","057","A2","KUR","gen-08","KUR_gen-08",27.02447265625,20.16041015625,7,7
"112","TempControl-7psu","058","A2","BJO","gen-08","BJO_gen-08",27.02447265625,20.16041015625,7,7
"145","TempControl-7psu","059","A2","KAL","gen-08","KAL_gen-08",27.02447265625,20.16041015625,7,7
"161","TempControl-7psu","060","A2","HOR","gen-08","HOR_gen-08",27.02447265625,20.16041015625,7,7
"177","TempControl-7psu","061","A2","VIK","gen-08","VIK_gen-08",27.02447265625,20.16041015625,7,7
"136","TempControl-7psu","062","A2","HOG","gen-08","HOG_gen-08",27.02447265625,20.16041015625,7,7
"128","TempControl-7psu","063","A2","BAR","gen-08","BAR_gen-08",27.02447265625,20.16041015625,7,7
"152","TempControl-7psu","064","A2","VAT","gen-08","VAT_gen-08",27.02447265625,20.16041015625,7,7
"258","TempWarm-16psu","065","A3","VIK","gen-09","VIK_gen-09",34.23173828125,26.0806640625,16,16
"267","TempWarm-16psu","066","A3","KAL","gen-09","KAL_gen-09",34.23173828125,26.0806640625,16,16
"231","TempWarm-16psu","067","A3","HOG","gen-09","HOG_gen-09",34.23173828125,26.0806640625,16,16
"250","TempWarm-16psu","068","A3","KUR","gen-09","KUR_gen-09",34.23173828125,26.0806640625,16,16
"205","TempWarm-16psu","069","A3","BJO","gen-09","BJO_gen-09",34.23173828125,26.0806640625,16,16
"214","TempWarm-16psu","070","A3","BAR","gen-09","BAR_gen-09",34.23173828125,26.0806640625,16,16
"210","TempWarm-16psu","071","A3","VAT","gen-09","VAT_gen-09",34.23173828125,26.0806640625,16,16
"242","TempWarm-16psu","072","A3","HOR","gen-09","HOR_gen-09",34.23173828125,26.0806640625,16,16
"348","TempWarm-5psu","073","A3","KAL","gen-10","KAL_gen-10",34.23173828125,26.0806640625,5,5
"323","TempWarm-5psu","074","A3","HOR","gen-10","HOR_gen-10",34.23173828125,26.0806640625,5,5
"355","TempWarm-5psu","075","A3","VAT","gen-10","VAT_gen-10",34.23173828125,26.0806640625,5,5
"373","TempWarm-5psu","076","A3","BAR","gen-10","BAR_gen-10",34.23173828125,26.0806640625,5,5
"339","TempWarm-5psu","077","A3","VIK","gen-10","VIK_gen-10",34.23173828125,26.0806640625,5,5
"371","TempWarm-5psu","078","A3","KUR","gen-10","KUR_gen-10",34.23173828125,26.0806640625,5,5
"301","TempWarm-5psu","079","A3","BJO","gen-10","BJO_gen-10",34.23173828125,26.0806640625,5,5
"300","TempWarm-5psu","080","A3","HOG","gen-10","HOG_gen-10",34.23173828125,26.0806640625,5,5
"284","TempWarm-16psu","081","A3","KAL","gen-11","KAL_gen-11",34.23173828125,26.0806640625,16,16
"208","TempWarm-16psu","082","A3","BJO","gen-11","BJO_gen-11",34.23173828125,26.0806640625,16,16
"212","TempWarm-16psu","083","A3","BAR","gen-11","BAR_gen-11",34.23173828125,26.0806640625,16,16
"280","TempWarm-16psu","084","A3","HOR","gen-11","HOR_gen-11",34.23173828125,26.0806640625,16,16
"220","TempWarm-16psu","085","A3","HOG","gen-11","HOG_gen-11",34.23173828125,26.0806640625,16,16
"219","TempWarm-16psu","086","A3","VIK","gen-11","VIK_gen-11",34.23173828125,26.0806640625,16,16
"194","TempWarm-16psu","087","A3","VAT","gen-11","VAT_gen-11",34.23173828125,26.0806640625,16,16
"211","TempWarm-16psu","088","A3","KUR","gen-11","KUR_gen-11",34.23173828125,26.0806640625,16,16
"302","TempWarm-5psu","089","A3","HOG","gen-12","HOG_gen-12",34.23173828125,26.0806640625,5,5
"375","TempWarm-5psu","090","A3","BAR","gen-12","BAR_gen-12",34.23173828125,26.0806640625,5,5
"293","TempWarm-5psu","091","A3","BJO","gen-12","BJO_gen-12",34.23173828125,26.0806640625,5,5
"333","TempWarm-5psu","092","A3","KUR","gen-12","KUR_gen-12",34.23173828125,26.0806640625,5,5
"350","TempWarm-5psu","093","A3","KAL","gen-12","KAL_gen-12",34.23173828125,26.0806640625,5,5
"341","TempWarm-5psu","094","A3","VIK","gen-12","VIK_gen-12",34.23173828125,26.0806640625,5,5
"325","TempWarm-5psu","095","A3","HOR","gen-12","HOR_gen-12",34.23173828125,26.0806640625,5,5
"357","TempWarm-5psu","096","A3","VAT","gen-12","VAT_gen-12",34.23173828125,26.0806640625,5,5
"235","TempWarm-16psu","097","A4","HOG","gen-13","HOG_gen-13",34.23173828125,26.0806640625,16,16
"201","TempWarm-16psu","098","A4","BJO","gen-13","BJO_gen-13",34.23173828125,26.0806640625,16,16
"222","TempWarm-16psu","099","A4","VAT","gen-13","VAT_gen-13",34.23173828125,26.0806640625,16,16
"227","TempWarm-16psu","100","A4","BAR","gen-13","BAR_gen-13",34.23173828125,26.0806640625,16,16
"221","TempWarm-16psu","101","A4","VIK","gen-13","VIK_gen-13",34.23173828125,26.0806640625,16,16
"273","TempWarm-16psu","102","A4","HOR","gen-13","HOR_gen-13",34.23173828125,26.0806640625,16,16
"271","TempWarm-16psu","103","A4","KAL","gen-13","KAL_gen-13",34.23173828125,26.0806640625,16,16
"213","TempWarm-16psu","104","A4","KUR","gen-13","KUR_gen-13",34.23173828125,26.0806640625,16,16
"352","TempWarm-5psu","105","A4","KAL","gen-14","KAL_gen-14",34.23173828125,26.0806640625,5,5
"343","TempWarm-5psu","106","A4","VIK","gen-14","VIK_gen-14",34.23173828125,26.0806640625,5,5
"296","TempWarm-5psu","107","A4","BJO","gen-14","BJO_gen-14",34.23173828125,26.0806640625,5,5
"335","TempWarm-5psu","108","A4","KUR","gen-14","KUR_gen-14",34.23173828125,26.0806640625,5,5
"359","TempWarm-5psu","109","A4","VAT","gen-14","VAT_gen-14",34.23173828125,26.0806640625,5,5
"377","TempWarm-5psu","110","A4","BAR","gen-14","BAR_gen-14",34.23173828125,26.0806640625,5,5
"327","TempWarm-5psu","111","A4","HOR","gen-14","HOR_gen-14",34.23173828125,26.0806640625,5,5
"304","TempWarm-5psu","112","A4","HOG","gen-14","HOG_gen-14",34.23173828125,26.0806640625,5,5
"268","TempWarm-16psu","113","A4","KAL","gen-15","KAL_gen-15",34.23173828125,26.0806640625,16,16
"206","TempWarm-16psu","114","A4","BAR","gen-15","BAR_gen-15",34.23173828125,26.0806640625,16,16
"256","TempWarm-16psu","115","A4","KUR","gen-15","KUR_gen-15",34.23173828125,26.0806640625,16,16
"249","TempWarm-16psu","116","A4","HOR","gen-15","HOR_gen-15",34.23173828125,26.0806640625,16,16
"196","TempWarm-16psu","117","A4","HOG","gen-15","HOG_gen-15",34.23173828125,26.0806640625,16,16
"276","TempWarm-16psu","118","A4","BJO","gen-15","BJO_gen-15",34.23173828125,26.0806640625,16,16
"202","TempWarm-16psu","119","A4","VAT","gen-15","VAT_gen-15",34.23173828125,26.0806640625,16,16
"209","TempWarm-16psu","120","A4","VIK","gen-15","VIK_gen-15",34.23173828125,26.0806640625,16,16
"330","TempWarm-5psu","121","A4","HOR","gen-16","HOR_gen-16",34.23173828125,26.0806640625,5,5
"308","TempWarm-5psu","122","A4","BJO","gen-16","BJO_gen-16",34.23173828125,26.0806640625,5,5
"378","TempWarm-5psu","123","A4","KUR","gen-16","KUR_gen-16",34.23173828125,26.0806640625,5,5
"295","TempWarm-5psu","124","A4","HOG","gen-16","HOG_gen-16",34.23173828125,26.0806640625,5,5
"361","TempWarm-5psu","125","A4","VAT","gen-16","VAT_gen-16",34.23173828125,26.0806640625,5,5
"313","TempWarm-5psu","126","A4","KAL","gen-16","KAL_gen-16",34.23173828125,26.0806640625,5,5
"298","TempWarm-5psu","127","A4","BAR","gen-16","BAR_gen-16",34.23173828125,26.0806640625,5,5
"345","TempWarm-5psu","128","A4","VIK","gen-16","VIK_gen-16",34.23173828125,26.0806640625,5,5
"204","TempWarm-16psu","129","B1","BAR","gen-17","BAR_gen-17",34.23173828125,26.0806640625,16,16
"225","TempWarm-16psu","130","B1","HOG","gen-17","HOG_gen-17",34.23173828125,26.0806640625,16,16
"278","TempWarm-16psu","131","B1","HOR","gen-17","HOR_gen-17",34.23173828125,26.0806640625,16,16
"241","TempWarm-16psu","132","B1","VAT","gen-17","VAT_gen-17",34.23173828125,26.0806640625,16,16
"215","TempWarm-16psu","133","B1","BJO","gen-17","BJO_gen-17",34.23173828125,26.0806640625,16,16
"234","TempWarm-16psu","134","B1","KAL","gen-17","KAL_gen-17",34.23173828125,26.0806640625,16,16
"200","TempWarm-16psu","135","B1","VIK","gen-17","VIK_gen-17",34.23173828125,26.0806640625,16,16
"217","TempWarm-16psu","136","B1","KUR","gen-17","KUR_gen-17",34.23173828125,26.0806640625,16,16
"315","TempWarm-5psu","137","B1","KAL","gen-18","KAL_gen-18",34.23173828125,26.0806640625,5,5
"299","TempWarm-5psu","138","B1","BAR","gen-18","BAR_gen-18",34.23173828125,26.0806640625,5,5
"380","TempWarm-5psu","139","B1","KUR","gen-18","KUR_gen-18",34.23173828125,26.0806640625,5,5
"332","TempWarm-5psu","140","B1","HOR","gen-18","HOR_gen-18",34.23173828125,26.0806640625,5,5
"324","TempWarm-5psu","141","B1","BJO","gen-18","BJO_gen-18",34.23173828125,26.0806640625,5,5
"363","TempWarm-5psu","142","B1","VAT","gen-18","VAT_gen-18",34.23173828125,26.0806640625,5,5
"347","TempWarm-5psu","143","B1","VIK","gen-18","VIK_gen-18",34.23173828125,26.0806640625,5,5
"307","TempWarm-5psu","144","B1","HOG","gen-18","HOG_gen-18",34.23173828125,26.0806640625,5,5
"244","TempWarm-16psu","145","B1","BJO","gen-19","BJO_gen-19",34.23173828125,26.0806640625,16,16
"226","TempWarm-16psu","146","B1","VIK","gen-19","VIK_gen-19",34.23173828125,26.0806640625,16,16
"218","TempWarm-16psu","147","B1","KUR","gen-19","KUR_gen-19",34.23173828125,26.0806640625,16,16
"272","TempWarm-16psu","148","B1","KAL","gen-19","KAL_gen-19",34.23173828125,26.0806640625,16,16
"198","TempWarm-16psu","149","B1","BAR","gen-19","BAR_gen-19",34.23173828125,26.0806640625,16,16
"285","TempWarm-16psu","150","B1","HOR","gen-19","HOR_gen-19",34.23173828125,26.0806640625,16,16
"240","TempWarm-16psu","151","B1","HOG","gen-19","HOG_gen-19",34.23173828125,26.0806640625,16,16
"243","TempWarm-16psu","152","B1","VAT","gen-19","VAT_gen-19",34.23173828125,26.0806640625,16,16
"382","TempWarm-5psu","153","B1","KUR","gen-20","KUR_gen-20",34.23173828125,26.0806640625,5,5
"292","TempWarm-5psu","154","B1","BAR","gen-20","BAR_gen-20",34.23173828125,26.0806640625,5,5
"326","TempWarm-5psu","155","B1","BJO","gen-20","BJO_gen-20",34.23173828125,26.0806640625,5,5
"297","TempWarm-5psu","156","B1","HOG","gen-20","HOG_gen-20",34.23173828125,26.0806640625,5,5
"365","TempWarm-5psu","157","B1","VAT","gen-20","VAT_gen-20",34.23173828125,26.0806640625,5,5
"349","TempWarm-5psu","158","B1","VIK","gen-20","VIK_gen-20",34.23173828125,26.0806640625,5,5
"317","TempWarm-5psu","159","B1","KAL","gen-20","KAL_gen-20",34.23173828125,26.0806640625,5,5
"334","TempWarm-5psu","160","B1","HOR","gen-20","HOR_gen-20",34.23173828125,26.0806640625,5,5
"203","TempWarm-16psu","161","B2","BAR","gen-21","BAR_gen-21",34.23173828125,26.0806640625,16,16
"229","TempWarm-16psu","162","B2","HOG","gen-21","HOG_gen-21",34.23173828125,26.0806640625,16,16
"245","TempWarm-16psu","163","B2","VAT","gen-21","VAT_gen-21",34.23173828125,26.0806640625,16,16
"265","TempWarm-16psu","164","B2","KAL","gen-21","KAL_gen-21",34.23173828125,26.0806640625,16,16
"228","TempWarm-16psu","165","B2","VIK","gen-21","VIK_gen-21",34.23173828125,26.0806640625,16,16
"195","TempWarm-16psu","166","B2","KUR","gen-21","KUR_gen-21",34.23173828125,26.0806640625,16,16
"246","TempWarm-16psu","167","B2","BJO","gen-21","BJO_gen-21",34.23173828125,26.0806640625,16,16
"282","TempWarm-16psu","168","B2","HOR","gen-21","HOR_gen-21",34.23173828125,26.0806640625,16,16
"319","TempWarm-5psu","169","B2","KAL","gen-22","KAL_gen-22",34.23173828125,26.0806640625,5,5
"336","TempWarm-5psu","170","B2","HOR","gen-22","HOR_gen-22",34.23173828125,26.0806640625,5,5
"351","TempWarm-5psu","171","B2","VIK","gen-22","VIK_gen-22",34.23173828125,26.0806640625,5,5
"384","TempWarm-5psu","172","B2","KUR","gen-22","KUR_gen-22",34.23173828125,26.0806640625,5,5
"303","TempWarm-5psu","173","B2","BAR","gen-22","BAR_gen-22",34.23173828125,26.0806640625,5,5
"328","TempWarm-5psu","174","B2","BJO","gen-22","BJO_gen-22",34.23173828125,26.0806640625,5,5
"367","TempWarm-5psu","175","B2","VAT","gen-22","VAT_gen-22",34.23173828125,26.0806640625,5,5
"311","TempWarm-5psu","176","B2","HOG","gen-22","HOG_gen-22",34.23173828125,26.0806640625,5,5
"287","TempWarm-16psu","177","B2","KAL","gen-23","KAL_gen-23",34.23173828125,26.0806640625,16,16
"232","TempWarm-16psu","178","B2","HOG","gen-23","HOG_gen-23",34.23173828125,26.0806640625,16,16
"207","TempWarm-16psu","179","B2","BJO","gen-23","BJO_gen-23",34.23173828125,26.0806640625,16,16
"193","TempWarm-16psu","180","B2","KUR","gen-23","KUR_gen-23",34.23173828125,26.0806640625,16,16
"230","TempWarm-16psu","181","B2","VIK","gen-23","VIK_gen-23",34.23173828125,26.0806640625,16,16
"197","TempWarm-16psu","182","B2","BAR","gen-23","BAR_gen-23",34.23173828125,26.0806640625,16,16
"216","TempWarm-16psu","183","B2","HOR","gen-23","HOR_gen-23",34.23173828125,26.0806640625,16,16
"247","TempWarm-16psu","184","B2","VAT","gen-23","VAT_gen-23",34.23173828125,26.0806640625,16,16
"329","TempWarm-5psu","185","B2","BJO","gen-24","BJO_gen-24",34.23173828125,26.0806640625,5,5
"318","TempWarm-5psu","186","B2","KUR","gen-24","KUR_gen-24",34.23173828125,26.0806640625,5,5
"362","TempWarm-5psu","187","B2","KAL","gen-24","KAL_gen-24",34.23173828125,26.0806640625,5,5
"337","TempWarm-5psu","188","B2","HOR","gen-24","HOR_gen-24",34.23173828125,26.0806640625,5,5
"369","TempWarm-5psu","189","B2","VAT","gen-24","VAT_gen-24",34.23173828125,26.0806640625,5,5
"353","TempWarm-5psu","190","B2","VIK","gen-24","VIK_gen-24",34.23173828125,26.0806640625,5,5
"314","TempWarm-5psu","191","B2","HOG","gen-24","HOG_gen-24",34.23173828125,26.0806640625,5,5
"306","TempWarm-5psu","192","B2","BAR","gen-24","BAR_gen-24",34.23173828125,26.0806640625,5,5
"224","TempWarm-16psu","193","B3","HOR","gen-25","HOR_gen-25",34.23173828125,26.0806640625,16,16
"288","TempWarm-16psu","194","B3","KUR","gen-25","KUR_gen-25",34.23173828125,26.0806640625,16,16
"233","TempWarm-16psu","195","B3","BJO","gen-25","BJO_gen-25",34.23173828125,26.0806640625,16,16
"264","TempWarm-16psu","196","B3","KAL","gen-25","KAL_gen-25",34.23173828125,26.0806640625,16,16
"257","TempWarm-16psu","197","B3","BAR","gen-25","BAR_gen-25",34.23173828125,26.0806640625,16,16
"281","TempWarm-16psu","198","B3","VIK","gen-25","VIK_gen-25",34.23173828125,26.0806640625,16,16
"262","TempWarm-16psu","199","B3","HOG","gen-25","HOG_gen-25",34.23173828125,26.0806640625,16,16
"260","TempWarm-16psu","200","B3","VAT","gen-25","VAT_gen-25",34.23173828125,26.0806640625,16,16
"354","TempWarm-5psu","201","B3","VAT","gen-26","VAT_gen-26",34.23173828125,26.0806640625,5,5
"291","TempWarm-5psu","202","B3","BJO","gen-26","BJO_gen-26",34.23173828125,26.0806640625,5,5
"338","TempWarm-5psu","203","B3","KUR","gen-26","KUR_gen-26",34.23173828125,26.0806640625,5,5
"290","TempWarm-5psu","204","B3","HOG","gen-26","HOG_gen-26",34.23173828125,26.0806640625,5,5
"346","TempWarm-5psu","205","B3","HOR","gen-26","HOR_gen-26",34.23173828125,26.0806640625,5,5
"322","TempWarm-5psu","206","B3","KAL","gen-26","KAL_gen-26",34.23173828125,26.0806640625,5,5
"370","TempWarm-5psu","207","B3","VIK","gen-26","VIK_gen-26",34.23173828125,26.0806640625,5,5
"379","TempWarm-5psu","208","B3","BAR","gen-26","BAR_gen-26",34.23173828125,26.0806640625,5,5
"279","TempWarm-16psu","209","B3","VIK","gen-27","VIK_gen-27",34.23173828125,26.0806640625,16,16
"259","TempWarm-16psu","210","B3","BAR","gen-27","BAR_gen-27",34.23173828125,26.0806640625,16,16
"251","TempWarm-16psu","211","B3","HOG","gen-27","HOG_gen-27",34.23173828125,26.0806640625,16,16
"286","TempWarm-16psu","212","B3","KUR","gen-27","KUR_gen-27",34.23173828125,26.0806640625,16,16
"199","TempWarm-16psu","213","B3","BJO","gen-27","BJO_gen-27",34.23173828125,26.0806640625,16,16
"283","TempWarm-16psu","214","B3","KAL","gen-27","KAL_gen-27",34.23173828125,26.0806640625,16,16
"266","TempWarm-16psu","215","B3","HOR","gen-27","HOR_gen-27",34.23173828125,26.0806640625,16,16
"248","TempWarm-16psu","216","B3","VAT","gen-27","VAT_gen-27",34.23173828125,26.0806640625,16,16
"340","TempWarm-5psu","217","B3","KUR","gen-28","KUR_gen-28",34.23173828125,26.0806640625,5,5
"356","TempWarm-5psu","218","B3","VAT","gen-28","VAT_gen-28",34.23173828125,26.0806640625,5,5
"381","TempWarm-5psu","219","B3","BAR","gen-28","BAR_gen-28",34.23173828125,26.0806640625,5,5
"305","TempWarm-5psu","220","B3","HOG","gen-28","HOG_gen-28",34.23173828125,26.0806640625,5,5
"364","TempWarm-5psu","221","B3","KAL","gen-28","KAL_gen-28",34.23173828125,26.0806640625,5,5
"372","TempWarm-5psu","222","B3","VIK","gen-28","VIK_gen-28",34.23173828125,26.0806640625,5,5
"321","TempWarm-5psu","223","B3","HOR","gen-28","HOR_gen-28",34.23173828125,26.0806640625,5,5
"316","TempWarm-5psu","224","B3","BJO","gen-28","BJO_gen-28",34.23173828125,26.0806640625,5,5
"236","TempWarm-16psu","225","B4","BJO","gen-29","BJO_gen-29",34.23173828125,26.0806640625,16,16
"253","TempWarm-16psu","226","B4","HOG","gen-29","HOG_gen-29",34.23173828125,26.0806640625,16,16
"269","TempWarm-16psu","227","B4","HOR","gen-29","HOR_gen-29",34.23173828125,26.0806640625,16,16
"237","TempWarm-16psu","228","B4","VAT","gen-29","VAT_gen-29",34.23173828125,26.0806640625,16,16
"275","TempWarm-16psu","229","B4","KUR","gen-29","KUR_gen-29",34.23173828125,26.0806640625,16,16
"261","TempWarm-16psu","230","B4","BAR","gen-29","BAR_gen-29",34.23173828125,26.0806640625,16,16
"252","TempWarm-16psu","231","B4","VIK","gen-29","VIK_gen-29",34.23173828125,26.0806640625,16,16
"277","TempWarm-16psu","232","B4","KAL","gen-29","KAL_gen-29",34.23173828125,26.0806640625,16,16
"331","TempWarm-5psu","233","B4","BJO","gen-30","BJO_gen-30",34.23173828125,26.0806640625,5,5
"310","TempWarm-5psu","234","B4","HOR","gen-30","HOR_gen-30",34.23173828125,26.0806640625,5,5
"383","TempWarm-5psu","235","B4","BAR","gen-30","BAR_gen-30",34.23173828125,26.0806640625,5,5
"358","TempWarm-5psu","236","B4","VAT","gen-30","VAT_gen-30",34.23173828125,26.0806640625,5,5
"374","TempWarm-5psu","237","B4","VIK","gen-30","VIK_gen-30",34.23173828125,26.0806640625,5,5
"366","TempWarm-5psu","238","B4","KAL","gen-30","KAL_gen-30",34.23173828125,26.0806640625,5,5
"342","TempWarm-5psu","239","B4","KUR","gen-30","KUR_gen-30",34.23173828125,26.0806640625,5,5
"294","TempWarm-5psu","240","B4","HOG","gen-30","HOG_gen-30",34.23173828125,26.0806640625,5,5
"274","TempWarm-16psu","241","B4","KAL","gen-31","KAL_gen-31",34.23173828125,26.0806640625,16,16
"270","TempWarm-16psu","242","B4","HOR","gen-31","HOR_gen-31",34.23173828125,26.0806640625,16,16
"263","TempWarm-16psu","243","B4","KUR","gen-31","KUR_gen-31",34.23173828125,26.0806640625,16,16
"223","TempWarm-16psu","244","B4","BAR","gen-31","BAR_gen-31",34.23173828125,26.0806640625,16,16
"254","TempWarm-16psu","245","B4","VIK","gen-31","VIK_gen-31",34.23173828125,26.0806640625,16,16
"255","TempWarm-16psu","246","B4","HOG","gen-31","HOG_gen-31",34.23173828125,26.0806640625,16,16
"239","TempWarm-16psu","247","B4","VAT","gen-31","VAT_gen-31",34.23173828125,26.0806640625,16,16
"238","TempWarm-16psu","248","B4","BJO","gen-31","BJO_gen-31",34.23173828125,26.0806640625,16,16
"289","TempWarm-5psu","249","B4","BAR","gen-32","BAR_gen-32",34.23173828125,26.0806640625,5,5
"309","TempWarm-5psu","250","B4","HOG","gen-32","HOG_gen-32",34.23173828125,26.0806640625,5,5
"376","TempWarm-5psu","251","B4","VIK","gen-32","VIK_gen-32",34.23173828125,26.0806640625,5,5
"360","TempWarm-5psu","252","B4","VAT","gen-32","VAT_gen-32",34.23173828125,26.0806640625,5,5
"320","TempWarm-5psu","253","B4","BJO","gen-32","BJO_gen-32",34.23173828125,26.0806640625,5,5
"344","TempWarm-5psu","254","B4","KUR","gen-32","KUR_gen-32",34.23173828125,26.0806640625,5,5
"368","TempWarm-5psu","255","B4","KAL","gen-32","KAL_gen-32",34.23173828125,26.0806640625,5,5
"312","TempWarm-5psu","256","B4","HOR","gen-32","HOR_gen-32",34.23173828125,26.0806640625,5,5
"72","TempControl-21psu","257","C1","KUR","gen-33","KUR_gen-33",27.02447265625,20.16041015625,21,21
"40","TempControl-21psu","258","C1","BJO","gen-33","BJO_gen-33",27.02447265625,20.16041015625,21,21
"64","TempControl-21psu","259","C1","KAL","gen-33","KAL_gen-33",27.02447265625,20.16041015625,21,21
"56","TempControl-21psu","260","C1","HOR","gen-33","HOR_gen-33",27.02447265625,20.16041015625,21,21
"62","TempControl-21psu","261","C1","VIK","gen-33","VIK_gen-33",27.02447265625,20.16041015625,21,21
"32","TempControl-21psu","262","C1","BAR","gen-33","BAR_gen-33",27.02447265625,20.16041015625,21,21
"80","TempControl-21psu","263","C1","VAT","gen-33","VAT_gen-33",27.02447265625,20.16041015625,21,21
"48","TempControl-21psu","264","C1","HOG","gen-33","HOG_gen-33",27.02447265625,20.16041015625,21,21
"129","TempControl-7psu","265","C1","VIK","gen-34","VIK_gen-34",27.02447265625,20.16041015625,7,7
"192","TempControl-7psu","266","C1","VAT","gen-34","VAT_gen-34",27.02447265625,20.16041015625,7,7
"121","TempControl-7psu","267","C1","BJO","gen-34","BJO_gen-34",27.02447265625,20.16041015625,7,7
"142","TempControl-7psu","268","C1","BAR","gen-34","BAR_gen-34",27.02447265625,20.16041015625,7,7
"157","TempControl-7psu","269","C1","HOG","gen-34","HOG_gen-34",27.02447265625,20.16041015625,7,7
"138","TempControl-7psu","270","C1","HOR","gen-34","HOR_gen-34",27.02447265625,20.16041015625,7,7
"97","TempControl-7psu","271","C1","KUR","gen-34","KUR_gen-34",27.02447265625,20.16041015625,7,7
"146","TempControl-7psu","272","C1","KAL","gen-34","KAL_gen-34",27.02447265625,20.16041015625,7,7
"82","TempControl-21psu","273","C1","VAT","gen-35","VAT_gen-35",27.02447265625,20.16041015625,21,21
"50","TempControl-21psu","274","C1","HOG","gen-35","HOG_gen-35",27.02447265625,20.16041015625,21,21
"58","TempControl-21psu","275","C1","HOR","gen-35","HOR_gen-35",27.02447265625,20.16041015625,21,21
"34","TempControl-21psu","276","C1","BAR","gen-35","BAR_gen-35",27.02447265625,20.16041015625,21,21
"42","TempControl-21psu","277","C1","BJO","gen-35","BJO_gen-35",27.02447265625,20.16041015625,21,21
"74","TempControl-21psu","278","C1","KUR","gen-35","KUR_gen-35",27.02447265625,20.16041015625,21,21
"66","TempControl-21psu","279","C1","KAL","gen-35","KAL_gen-35",27.02447265625,20.16041015625,21,21
"9","TempControl-21psu","280","C1","VIK","gen-35","VIK_gen-35",27.02447265625,20.16041015625,21,21
"105","TempControl-7psu","281","C1","KUR","gen-36","KUR_gen-36",27.02447265625,20.16041015625,7,7
"148","TempControl-7psu","282","C1","KAL","gen-36","KAL_gen-36",27.02447265625,20.16041015625,7,7
"107","TempControl-7psu","283","C1","VIK","gen-36","VIK_gen-36",27.02447265625,20.16041015625,7,7
"168","TempControl-7psu","284","C1","HOG","gen-36","HOG_gen-36",27.02447265625,20.16041015625,7,7
"123","TempControl-7psu","285","C1","BJO","gen-36","BJO_gen-36",27.02447265625,20.16041015625,7,7
"179","TempControl-7psu","286","C1","VAT","gen-36","VAT_gen-36",27.02447265625,20.16041015625,7,7
"140","TempControl-7psu","287","C1","HOR","gen-36","HOR_gen-36",27.02447265625,20.16041015625,7,7
"144","TempControl-7psu","288","C1","BAR","gen-36","BAR_gen-36",27.02447265625,20.16041015625,7,7
"44","TempControl-21psu","289","C2","BJO","gen-37","BJO_gen-37",27.02447265625,20.16041015625,21,21
"52","TempControl-21psu","290","C2","HOG","gen-37","HOG_gen-37",27.02447265625,20.16041015625,21,21
"36","TempControl-21psu","291","C2","BAR","gen-37","BAR_gen-37",27.02447265625,20.16041015625,21,21
"76","TempControl-21psu","292","C2","KUR","gen-37","KUR_gen-37",27.02447265625,20.16041015625,21,21
"60","TempControl-21psu","293","C2","HOR","gen-37","HOR_gen-37",27.02447265625,20.16041015625,21,21
"11","TempControl-21psu","294","C2","VIK","gen-37","VIK_gen-37",27.02447265625,20.16041015625,21,21
"84","TempControl-21psu","295","C2","VAT","gen-37","VAT_gen-37",27.02447265625,20.16041015625,21,21
"55","TempControl-21psu","296","C2","KAL","gen-37","KAL_gen-37",27.02447265625,20.16041015625,21,21
"109","TempControl-7psu","297","C2","VIK","gen-38","VIK_gen-38",27.02447265625,20.16041015625,7,7
"174","TempControl-7psu","298","C2","HOG","gen-38","HOG_gen-38",27.02447265625,20.16041015625,7,7
"106","TempControl-7psu","299","C2","HOR","gen-38","HOR_gen-38",27.02447265625,20.16041015625,7,7
"125","TempControl-7psu","300","C2","BJO","gen-38","BJO_gen-38",27.02447265625,20.16041015625,7,7
"191","TempControl-7psu","301","C2","BAR","gen-38","BAR_gen-38",27.02447265625,20.16041015625,7,7
"154","TempControl-7psu","302","C2","VAT","gen-38","VAT_gen-38",27.02447265625,20.16041015625,7,7
"98","TempControl-7psu","303","C2","KUR","gen-38","KUR_gen-38",27.02447265625,20.16041015625,7,7
"150","TempControl-7psu","304","C2","KAL","gen-38","KAL_gen-38",27.02447265625,20.16041015625,7,7
"13","TempControl-21psu","305","C2","VIK","gen-39","VIK_gen-39",27.02447265625,20.16041015625,21,21
"46","TempControl-21psu","306","C2","BJO","gen-39","BJO_gen-39",27.02447265625,20.16041015625,21,21
"81","TempControl-21psu","307","C2","HOG","gen-39","HOG_gen-39",27.02447265625,20.16041015625,21,21
"38","TempControl-21psu","308","C2","BAR","gen-39","BAR_gen-39",27.02447265625,20.16041015625,21,21
"73","TempControl-21psu","309","C2","VAT","gen-39","VAT_gen-39",27.02447265625,20.16041015625,21,21
"70","TempControl-21psu","310","C2","KAL","gen-39","KAL_gen-39",27.02447265625,20.16041015625,21,21
"78","TempControl-21psu","311","C2","KUR","gen-39","KUR_gen-39",27.02447265625,20.16041015625,21,21
"22","TempControl-21psu","312","C2","HOR","gen-39","HOR_gen-39",27.02447265625,20.16041015625,21,21
"169","TempControl-7psu","313","C2","VAT","gen-40","VAT_gen-40",27.02447265625,20.16041015625,7,7
"115","TempControl-7psu","314","C2","KAL","gen-40","KAL_gen-40",27.02447265625,20.16041015625,7,7
"184","TempControl-7psu","315","C2","KUR","gen-40","KUR_gen-40",27.02447265625,20.16041015625,7,7
"155","TempControl-7psu","316","C2","BJO","gen-40","BJO_gen-40",27.02447265625,20.16041015625,7,7
"135","TempControl-7psu","317","C2","VIK","gen-40","VIK_gen-40",27.02447265625,20.16041015625,7,7
"108","TempControl-7psu","318","C2","HOG","gen-40","HOG_gen-40",27.02447265625,20.16041015625,7,7
"181","TempControl-7psu","319","C2","HOR","gen-40","HOR_gen-40",27.02447265625,20.16041015625,7,7
"160","TempControl-7psu","320","C2","BAR","gen-40","BAR_gen-40",27.02447265625,20.16041015625,7,7
"14","TempControl-21psu","321","C3","VIK","gen-41","VIK_gen-41",27.02447265625,20.16041015625,21,21
"93","TempControl-21psu","322","C3","VAT","gen-41","VAT_gen-41",27.02447265625,20.16041015625,21,21
"39","TempControl-21psu","323","C3","BJO","gen-41","BJO_gen-41",27.02447265625,20.16041015625,21,21
"47","TempControl-21psu","324","C3","KAL","gen-41","KAL_gen-41",27.02447265625,20.16041015625,21,21
"23","TempControl-21psu","325","C3","BAR","gen-41","BAR_gen-41",27.02447265625,20.16041015625,21,21
"91","TempControl-21psu","326","C3","HOG","gen-41","HOG_gen-41",27.02447265625,20.16041015625,21,21
"94","TempControl-21psu","327","C3","KUR","gen-41","KUR_gen-41",27.02447265625,20.16041015625,21,21
"71","TempControl-21psu","328","C3","HOR","gen-41","HOR_gen-41",27.02447265625,20.16041015625,21,21
"118","TempControl-7psu","329","C3","BAR","gen-42","BAR_gen-42",27.02447265625,20.16041015625,7,7
"137","TempControl-7psu","330","C3","HOG","gen-42","HOG_gen-42",27.02447265625,20.16041015625,7,7
"99","TempControl-7psu","331","C3","VIK","gen-42","VIK_gen-42",27.02447265625,20.16041015625,7,7
"188","TempControl-7psu","332","C3","VAT","gen-42","VAT_gen-42",27.02447265625,20.16041015625,7,7
"182","TempControl-7psu","333","C3","KUR","gen-42","KUR_gen-42",27.02447265625,20.16041015625,7,7
"120","TempControl-7psu","334","C3","BJO","gen-42","BJO_gen-42",27.02447265625,20.16041015625,7,7
"156","TempControl-7psu","335","C3","KAL","gen-42","KAL_gen-42",27.02447265625,20.16041015625,7,7
"113","TempControl-7psu","336","C3","HOR","gen-42","HOR_gen-42",27.02447265625,20.16041015625,7,7
"89","TempControl-21psu","337","C3","KAL","gen-43","KAL_gen-43",27.02447265625,20.16041015625,21,21
"17","TempControl-21psu","338","C3","HOG","gen-43","HOG_gen-43",27.02447265625,20.16041015625,21,21
"86","TempControl-21psu","339","C3","BAR","gen-43","BAR_gen-43",27.02447265625,20.16041015625,21,21
"16","TempControl-21psu","340","C3","VIK","gen-43","VIK_gen-43",27.02447265625,20.16041015625,21,21
"75","TempControl-21psu","341","C3","HOR","gen-43","HOR_gen-43",27.02447265625,20.16041015625,21,21
"41","TempControl-21psu","342","C3","BJO","gen-43","BJO_gen-43",27.02447265625,20.16041015625,21,21
"96","TempControl-21psu","343","C3","VAT","gen-43","VAT_gen-43",27.02447265625,20.16041015625,21,21
"65","TempControl-21psu","344","C3","KUR","gen-43","KUR_gen-43",27.02447265625,20.16041015625,21,21
"147","TempControl-7psu","345","C3","KUR","gen-44","KUR_gen-44",27.02447265625,20.16041015625,7,7
"162","TempControl-7psu","346","C3","BJO","gen-44","BJO_gen-44",27.02447265625,20.16041015625,7,7
"102","TempControl-7psu","347","C3","HOG","gen-44","HOG_gen-44",27.02447265625,20.16041015625,7,7
"176","TempControl-7psu","348","C3","BAR","gen-44","BAR_gen-44",27.02447265625,20.16041015625,7,7
"143","TempControl-7psu","349","C3","HOR","gen-44","HOR_gen-44",27.02447265625,20.16041015625,7,7
"171","TempControl-7psu","350","C3","KAL","gen-44","KAL_gen-44",27.02447265625,20.16041015625,7,7
"190","TempControl-7psu","351","C3","VAT","gen-44","VAT_gen-44",27.02447265625,20.16041015625,7,7
"110","TempControl-7psu","352","C3","VIK","gen-44","VIK_gen-44",27.02447265625,20.16041015625,7,7
"87","TempControl-21psu","353","C4","KAL","gen-45","KAL_gen-45",27.02447265625,20.16041015625,21,21
"43","TempControl-21psu","354","C4","BJO","gen-45","BJO_gen-45",27.02447265625,20.16041015625,21,21
"77","TempControl-21psu","355","C4","HOR","gen-45","HOR_gen-45",27.02447265625,20.16041015625,21,21
"18","TempControl-21psu","356","C4","VIK","gen-45","VIK_gen-45",27.02447265625,20.16041015625,21,21
"19","TempControl-21psu","357","C4","HOG","gen-45","HOG_gen-45",27.02447265625,20.16041015625,21,21
"90","TempControl-21psu","358","C4","BAR","gen-45","BAR_gen-45",27.02447265625,20.16041015625,21,21
"83","TempControl-21psu","359","C4","VAT","gen-45","VAT_gen-45",27.02447265625,20.16041015625,21,21
"67","TempControl-21psu","360","C4","KUR","gen-45","KUR_gen-45",27.02447265625,20.16041015625,21,21
"167","TempControl-7psu","361","C4","VAT","gen-46","VAT_gen-46",27.02447265625,20.16041015625,7,7
"173","TempControl-7psu","362","C4","KAL","gen-46","KAL_gen-46",27.02447265625,20.16041015625,7,7
"149","TempControl-7psu","363","C4","KUR","gen-46","KUR_gen-46",27.02447265625,20.16041015625,7,7
"104","TempControl-7psu","364","C4","HOG","gen-46","HOG_gen-46",27.02447265625,20.16041015625,7,7
"186","TempControl-7psu","365","C4","BAR","gen-46","BAR_gen-46",27.02447265625,20.16041015625,7,7
"124","TempControl-7psu","366","C4","BJO","gen-46","BJO_gen-46",27.02447265625,20.16041015625,7,7
"103","TempControl-7psu","367","C4","VIK","gen-46","VIK_gen-46",27.02447265625,20.16041015625,7,7
"158","TempControl-7psu","368","C4","HOR","gen-46","HOR_gen-46",27.02447265625,20.16041015625,7,7
"20","TempControl-21psu","369","C4","VIK","gen-47","VIK_gen-47",27.02447265625,20.16041015625,21,21
"88","TempControl-21psu","370","C4","HOR","gen-47","HOR_gen-47",27.02447265625,20.16041015625,21,21
"45","TempControl-21psu","371","C4","BJO","gen-47","BJO_gen-47",27.02447265625,20.16041015625,21,21
"21","TempControl-21psu","372","C4","HOG","gen-47","HOG_gen-47",27.02447265625,20.16041015625,21,21
"85","TempControl-21psu","373","C4","VAT","gen-47","VAT_gen-47",27.02447265625,20.16041015625,21,21
"92","TempControl-21psu","374","C4","KAL","gen-47","KAL_gen-47",27.02447265625,20.16041015625,21,21
"69","TempControl-21psu","375","C4","KUR","gen-47","KUR_gen-47",27.02447265625,20.16041015625,21,21
"95","TempControl-21psu","376","C4","BAR","gen-47","BAR_gen-47",27.02447265625,20.16041015625,21,21
"101","TempControl-7psu","377","C4","HOG","gen-48","HOG_gen-48",27.02447265625,20.16041015625,7,7
"183","TempControl-7psu","378","C4","VAT","gen-48","VAT_gen-48",27.02447265625,20.16041015625,7,7
"166","TempControl-7psu","379","C4","BAR","gen-48","BAR_gen-48",27.02447265625,20.16041015625,7,7
"185","TempControl-7psu","380","C4","KAL","gen-48","KAL_gen-48",27.02447265625,20.16041015625,7,7
"189","TempControl-7psu","381","C4","HOR","gen-48","HOR_gen-48",27.02447265625,20.16041015625,7,7
"178","TempControl-7psu","382","C4","KUR","gen-48","KUR_gen-48",27.02447265625,20.16041015625,7,7
"114","TempControl-7psu","383","C4","VIK","gen-48","VIK_gen-48",27.02447265625,20.16041015625,7,7
"126","TempControl-7psu","384","C4","BJO","gen-48","BJO_gen-48",27.02447265625,20.16041015625,7,7
