"","Pop","MLL_no","Indv_no","Pop_no","site_full","offsets_full"
"1","AHU",351,"AHU-01","01","Åhus",3.66847210303032e-05
"2","AHU",366,"AHU-02","02","Åhus",3.66847210303032e-05
"3","AHU",366,"AHU-03","03","Åhus",3.66847210303032e-05
"4","AHU",366,"AHU-04","04","Åhus",3.66847210303032e-05
"5","AHU",366,"AHU-06","06","Åhus",3.66847210303032e-05
"6","AHU",366,"AHU-07","07","Åhus",3.66847210303032e-05
"7","AHU",351,"AHU-08","08","Åhus",3.66847210303032e-05
"8","AHU",361,"AHU-09","09","Åhus",3.66847210303032e-05
"9","AHU",361,"AHU-10","10","Åhus",3.66847210303032e-05
"10","AHU",361,"AHU-11","11","Åhus",3.66847210303032e-05
"11","AHU",367,"AHU-13","13","Åhus",3.66847210303032e-05
"12","AHU",366,"AHU-14","14","Åhus",3.66847210303032e-05
"13","AHU",366,"AHU-15","15","Åhus",3.66847210303032e-05
"14","AHU",366,"AHU-16","16","Åhus",3.66847210303032e-05
"15","AHU",367,"AHU-17","17","Åhus",3.66847210303032e-05
"16","AHU",367,"AHU-18","18","Åhus",3.66847210303032e-05
"17","AHU",366,"AHU-19","19","Åhus",3.66847210303032e-05
"18","AHU",366,"AHU-20","20","Åhus",3.66847210303032e-05
"19","ALA",219,"ALA-01","01","Ålabadarna",2.86993823657772e-05
"20","ALA",222,"ALA-02","02","Ålabadarna",2.86993823657772e-05
"21","ALA",230,"ALA-03","03","Ålabadarna",2.86993823657772e-05
"22","ALA",220,"ALA-04","04","Ålabadarna",2.86993823657772e-05
"23","ALA",230,"ALA-07","07","Ålabadarna",2.86993823657772e-05
"24","ALA",230,"ALA-08","08","Ålabadarna",2.86993823657772e-05
"25","ALA",229,"ALA-09","09","Ålabadarna",2.86993823657772e-05
"26","ALA",230,"ALA-10","10","Ålabadarna",2.86993823657772e-05
"27","ALA",231,"ALA-11","11","Ålabadarna",2.86993823657772e-05
"28","ALA",230,"ALA-12","12","Ålabadarna",2.86993823657772e-05
"29","ALA",233,"ALA-13","13","Ålabadarna",2.86993823657772e-05
"30","ALA",234,"ALA-14","14","Ålabadarna",2.86993823657772e-05
"31","ALA",236,"ALA-15","15","Ålabadarna",2.86993823657772e-05
"32","ALA",236,"ALA-16","16","Ålabadarna",2.86993823657772e-05
"33","ALA",237,"ALA-17","17","Ålabadarna",2.86993823657772e-05
"34","ALA",238,"ALA-18","18","Ålabadarna",2.86993823657772e-05
"35","ALA",239,"ALA-19","19","Ålabadarna",2.86993823657772e-05
"36","ALA",240,"ALA-20","20","Ålabadarna",2.86993823657772e-05
"37","BAD",519,"BAD-03","03","Bödagården",3.80001463953513e-05
"38","BAD",519,"BAD-04","04","Bödagården",3.80001463953513e-05
"39","BAD",519,"BAD-05","05","Bödagården",3.80001463953513e-05
"40","BAD",520,"BAD-06","06","Bödagården",3.80001463953513e-05
"41","BAD",519,"BAD-08","08","Bödagården",3.80001463953513e-05
"42","BAD",519,"BAD-10","10","Bödagården",3.80001463953513e-05
"43","BAD",520,"BAD-13","13","Bödagården",3.80001463953513e-05
"44","BAD",519,"BAD-15","15","Bödagården",3.80001463953513e-05
"45","BAD",526,"BAD-16","16","Bödagården",3.80001463953513e-05
"46","BAD",533,"BAD-17","17","Bödagården",3.80001463953513e-05
"47","BAD",526,"BAD-18","18","Bödagården",3.80001463953513e-05
"48","BAD",533,"BAD-19","19","Bödagården",3.80001463953513e-05
"49","BAD",533,"BAD-21","21","Bödagården",3.80001463953513e-05
"50","BAD",533,"BAD-22","22","Bödagården",3.80001463953513e-05
"51","BAD",533,"BAD-23","23","Bödagården",3.80001463953513e-05
"52","BAD",533,"BAD-24","24","Bödagården",3.80001463953513e-05
"53","BAD",533,"BAD-25","25","Bödagården",3.80001463953513e-05
"54","BAD",533,"BAD-26","26","Bödagården",3.80001463953513e-05
"55","BAD",526,"BAD-27","27","Bödagården",3.80001463953513e-05
"56","BAR",241,"BAR-01","01","Barsebäck hamn",3.80001463953513e-05
"57","BAR",244,"BAR-02","02","Barsebäck hamn",4.95754056836922e-05
"58","BAR",247,"BAR-03","03","Barsebäck hamn",4.95754056836922e-05
"59","BAR",247,"BAR-04","04","Barsebäck hamn",4.95754056836922e-05
"60","BAR",247,"BAR-05","05","Barsebäck hamn",4.95754056836922e-05
"61","BAR",250,"BAR-06","06","Barsebäck hamn",4.95754056836922e-05
"62","BAR",251,"BAR-07","07","Barsebäck hamn",4.95754056836922e-05
"63","BAR",251,"BAR-08","08","Barsebäck hamn",4.95754056836922e-05
"64","BAR",251,"BAR-09","09","Barsebäck hamn",4.95754056836922e-05
"65","BAR",255,"BAR-10","10","Barsebäck hamn",4.95754056836922e-05
"66","BAR",255,"BAR-11","11","Barsebäck hamn",0.000147175994874486
"67","BAR",251,"BAR-12","12","Barsebäck hamn",0.000147175994874486
"68","BAR",251,"BAR-13","13","Barsebäck hamn",0.000147175994874486
"69","BAR",258,"BAR-14","14","Barsebäck hamn",0.000147175994874486
"70","BAR",259,"BAR-15","15","Barsebäck hamn",0.000147175994874486
"71","BAR",260,"BAR-16","16","Barsebäck hamn",0.000147175994874486
"72","BAR",261,"BAR-17","17","Barsebäck hamn",0.000147175994874486
"73","BAR",262,"BAR-18","18","Barsebäck hamn",0.000147175994874486
"74","BAR",263,"BAR-19","19","Barsebäck hamn",0.000147175994874486
"75","BAR",264,"BAR-20","20","Barsebäck hamn",0.000147175994874486
"76","BJN",394,"BJN-02","02","Björkenäs",0.000147175994874486
"77","BJN",394,"BJN-08","08","Björkenäs",0.000147175994874486
"78","BJN",394,"BJN-10","10","Björkenäs",0.000147175994874486
"79","BJN",394,"BJN-14","14","Björkenäs",0.000147175994874486
"80","BJN",394,"BJN-15","15","Björkenäs",0.000147175994874486
"81","BJN",394,"BJN-16","16","Björkenäs",0.000147175994874486
"82","BJN",394,"BJN-21","21","Björkenäs",0.000147175994874486
"83","BJN",394,"BJN-22","22","Björkenäs",0.000147175994874486
"84","BJN",394,"BJN-27","27","Björkenäs",0.000147175994874486
"85","BJO",703,"BJO-01","01","Björkö",6.54047977591205e-05
"86","BJO",703,"BJO-02","02","Björkö",6.54047977591205e-05
"87","BJO",703,"BJO-04","04","Björkö",6.54047977591205e-05
"88","BJO",703,"BJO-05","05","Björkö",6.54047977591205e-05
"89","BJO",703,"BJO-06","06","Björkö",6.54047977591205e-05
"90","BJO",703,"BJO-07","07","Björkö",6.54047977591205e-05
"91","BJO",703,"BJO-08","08","Björkö",6.54047977591205e-05
"92","BJO",703,"BJO-09","09","Björkö",6.54047977591205e-05
"93","BJO",703,"BJO-10","10","Björkö",6.54047977591205e-05
"94","BJO",703,"BJO-12","12","Björkö",6.54047977591205e-05
"95","BJO",703,"BJO-13","13","Björkö",6.54047977591205e-05
"96","BJO",703,"BJO-14","14","Björkö",6.54047977591205e-05
"97","BJO",703,"BJO-15","15","Björkö",6.54047977591205e-05
"98","BJO",703,"BJO-16","16","Björkö",6.54047977591205e-05
"99","BJO",703,"BJO-20","20","Björkö",6.54047977591205e-05
"100","BJO",703,"BJO-03","03","Björkö",6.54047977591205e-05
"101","BJO",703,"BJO-17","17","Björkö",6.54047977591205e-05
"102","BJO",703,"BJO-18","18","Björkö",6.54047977591205e-05
"103","BJO",703,"BJO-19","19","Björkö",6.54047977591205e-05
"104","BLA",404,"BLA-01","01","Bläsinge",6.54047977591205e-05
"105","BLA",404,"BLA-02","02","Bläsinge",4.89097626394939e-05
"106","BLA",404,"BLA-03","03","Bläsinge",4.89097626394939e-05
"107","BLA",404,"BLA-04","04","Bläsinge",4.89097626394939e-05
"108","BLA",404,"BLA-05","05","Bläsinge",4.89097626394939e-05
"109","BLA",404,"BLA-06","06","Bläsinge",4.89097626394939e-05
"110","BLA",404,"BLA-07","07","Bläsinge",4.89097626394939e-05
"111","BLA",404,"BLA-08","08","Bläsinge",4.89097626394939e-05
"112","BLA",404,"BLA-09","09","Bläsinge",4.89097626394939e-05
"113","BLA",404,"BLA-10","10","Bläsinge",4.89097626394939e-05
"114","BLA",404,"BLA-11","11","Bläsinge",4.89097626394939e-05
"115","BLA",404,"BLA-12","12","Bläsinge",4.89097626394939e-05
"116","BLA",404,"BLA-13","13","Bläsinge",4.89097626394939e-05
"117","BLA",404,"BLA-14","14","Bläsinge",4.89097626394939e-05
"118","BLA",404,"BLA-15","15","Bläsinge",4.89097626394939e-05
"119","BLA",404,"BLA-16","16","Bläsinge",4.89097626394939e-05
"120","BLA",404,"BLA-17","17","Bläsinge",4.89097626394939e-05
"121","BLA",404,"BLA-18","18","Bläsinge",4.89097626394939e-05
"122","BLA",404,"BLA-19","19","Bläsinge",4.89097626394939e-05
"123","BLA",404,"BLA-20","20","Bläsinge",4.89097626394939e-05
"124","BUR",489,"BUR-01","01","Burgsvik",0.000251014861900187
"125","BUR",489,"BUR-02","02","Burgsvik",0.000251014861900187
"126","BUR",491,"BUR-03","03","Burgsvik",0.000251014861900187
"127","BUR",491,"BUR-04","04","Burgsvik",0.000251014861900187
"128","BUR",493,"BUR-05","05","Burgsvik",0.000251014861900187
"129","BUR",494,"BUR-06","06","Burgsvik",0.000251014861900187
"130","BUR",496,"BUR-07","07","Burgsvik",0.000251014861900187
"131","BUR",496,"BUR-08","08","Burgsvik",0.000251014861900187
"132","BUR",498,"BUR-09","09","Burgsvik",0.000251014861900187
"133","BUR",499,"BUR-10","10","Burgsvik",0.000251014861900187
"134","BUR",501,"BUR-11","11","Burgsvik",0.000251014861900187
"135","BUR",494,"BUR-12","12","Burgsvik",0.000251014861900187
"136","BUR",504,"BUR-13","13","Burgsvik",0.000251014861900187
"137","BUR",507,"BUR-14","14","Burgsvik",0.000251014861900187
"138","BUR",507,"BUR-15","15","Burgsvik",0.000251014861900187
"139","BUR",508,"BUR-16","16","Burgsvik",0.000251014861900187
"140","BUR",509,"BUR-17","17","Burgsvik",0.000251014861900187
"141","BUR",511,"BUR-18","18","Burgsvik",0.000251014861900187
"142","BUR",511,"BUR-20","20","Burgsvik",0.000251014861900187
"143","EKO",615,"EKO-01","01","Ekön",3.82896076566315e-05
"144","EKO",615,"EKO-02","02","Ekön",3.82896076566315e-05
"145","EKO",615,"EKO-03","03","Ekön",3.82896076566315e-05
"146","EKO",615,"EKO-04","04","Ekön",3.82896076566315e-05
"147","EKO",615,"EKO-05","05","Ekön",3.82896076566315e-05
"148","EKO",615,"EKO-06","06","Ekön",3.82896076566315e-05
"149","EKO",615,"EKO-07","07","Ekön",3.82896076566315e-05
"150","EKO",615,"EKO-08","08","Ekön",3.82896076566315e-05
"151","EKO",624,"EKO-09","09","Ekön",3.82896076566315e-05
"152","EKO",615,"EKO-10","10","Ekön",3.82896076566315e-05
"153","EKO",615,"EKO-11","11","Ekön",3.82896076566315e-05
"154","EKO",615,"EKO-12","12","Ekön",3.82896076566315e-05
"155","EKO",615,"EKO-13","13","Ekön",3.82896076566315e-05
"156","EKO",615,"EKO-14","14","Ekön",3.82896076566315e-05
"157","EKO",615,"EKO-15","15","Ekön",3.82896076566315e-05
"158","EKO",615,"EKO-16","16","Ekön",3.82896076566315e-05
"159","EKO",615,"EKO-17","17","Ekön",3.82896076566315e-05
"160","EKO",615,"EKO-18","18","Ekön",3.82896076566315e-05
"161","EKO",615,"EKO-19","19","Ekön",3.82896076566315e-05
"162","EKO",615,"EKO-20","20","Ekön",3.82896076566315e-05
"163","FUR",383,"FUR-02","02","Furumon",1.10929477644389e-05
"164","FUR",383,"FUR-07","07","Furumon",1.10929477644389e-05
"165","FUR",383,"FUR-08","08","Furumon",1.10929477644389e-05
"166","FUR",383,"FUR-09","09","Furumon",1.10929477644389e-05
"167","FUR",383,"FUR-11","11","Furumon",1.10929477644389e-05
"168","FUR",383,"FUR-13","13","Furumon",1.10929477644389e-05
"169","FUR",383,"FUR-14","14","Furumon",1.10929477644389e-05
"170","FUR",383,"FUR-17","17","Furumon",1.10929477644389e-05
"171","FUR",379,"FUR-18","18","Furumon",1.10929477644389e-05
"172","FUR",379,"FUR-19","19","Furumon",1.10929477644389e-05
"173","FUR",383,"FUR-20","20","Furumon",1.10929477644389e-05
"174","FUR",383,"FUR-03","03","Furumon",1.10929477644389e-05
"175","FUR",383,"FUR-04","04","Furumon",1.10929477644389e-05
"176","FUR",383,"FUR-06","06","Furumon",1.10929477644389e-05
"177","FUR",383,"FUR-10","10","Furumon",1.10929477644389e-05
"178","FUR",383,"FUR-12","12","Furumon",1.10929477644389e-05
"179","FUR",383,"FUR-15","15","Furumon",1.10929477644389e-05
"180","GAL",669,"GAL-01","01","Gålö",7.55582531053114e-05
"181","GAL",669,"GAL-02","02","Gålö",7.55582531053114e-05
"182","GAL",669,"GAL-03","03","Gålö",7.55582531053114e-05
"183","GAL",669,"GAL-04","04","Gålö",7.55582531053114e-05
"184","GAL",669,"GAL-05","05","Gålö",7.55582531053114e-05
"185","GAL",669,"GAL-06","06","Gålö",7.55582531053114e-05
"186","GAL",669,"GAL-07","07","Gålö",7.55582531053114e-05
"187","GAL",669,"GAL-08","08","Gålö",7.55582531053114e-05
"188","GAL",669,"GAL-09","09","Gålö",7.55582531053114e-05
"189","GAL",669,"GAL-10","10","Gålö",7.55582531053114e-05
"190","GAL",669,"GAL-11","11","Gålö",7.55582531053114e-05
"191","GAL",669,"GAL-12","12","Gålö",7.55582531053114e-05
"192","GAL",669,"GAL-13","13","Gålö",7.55582531053114e-05
"193","GAL",669,"GAL-14","14","Gålö",7.55582531053114e-05
"194","GAL",669,"GAL-15","15","Gålö",7.55582531053114e-05
"195","GAL",687,"GAL-16","16","Gålö",7.55582531053114e-05
"196","GAL",687,"GAL-17","17","Gålö",7.55582531053114e-05
"197","GAL",687,"GAL-18","18","Gålö",7.55582531053114e-05
"198","GAL",687,"GAL-19","19","Gålö",7.55582531053114e-05
"199","GAL",687,"GAL-20","20","Gålö",7.55582531053114e-05
"200","GAS",44,"GAS-01","01","Gåsholmen ",1.61109656202686e-05
"201","GAS",46,"GAS-02","02","Gåsholmen ",1.61109656202686e-05
"202","GAS",46,"GAS-03","03","Gåsholmen ",1.61109656202686e-05
"203","GAS",47,"GAS-04","04","Gåsholmen ",1.61109656202686e-05
"204","GAS",48,"GAS-05","05","Gåsholmen ",1.61109656202686e-05
"205","GAS",49,"GAS-06","06","Gåsholmen ",1.61109656202686e-05
"206","GAS",50,"GAS-07","07","Gåsholmen ",1.61109656202686e-05
"207","GAS",51,"GAS-08","08","Gåsholmen ",1.61109656202686e-05
"208","GAS",52,"GAS-09","09","Gåsholmen ",1.61109656202686e-05
"209","GAS",53,"GAS-10","10","Gåsholmen ",1.61109656202686e-05
"210","GAS",56,"GAS-11","11","Gåsholmen ",1.61109656202686e-05
"211","GAS",56,"GAS-12","12","Gåsholmen ",1.61109656202686e-05
"212","GAS",56,"GAS-13","13","Gåsholmen ",1.61109656202686e-05
"213","GAS",56,"GAS-14","14","Gåsholmen ",1.61109656202686e-05
"214","GAS",56,"GAS-15","15","Gåsholmen ",1.61109656202686e-05
"215","GAS",56,"GAS-16","16","Gåsholmen ",1.61109656202686e-05
"216","GAS",56,"GAS-17","17","Gåsholmen ",1.61109656202686e-05
"217","GAS",56,"GAS-18","18","Gåsholmen ",1.61109656202686e-05
"218","GAS",56,"GAS-19","19","Gåsholmen ",1.61109656202686e-05
"219","GAS",66,"GAS-20","20","Gåsholmen ",1.61109656202686e-05
"220","GOT",176,"GOT-01","01","Gottskär",5.87206831965681e-06
"221","GOT",177,"GOT-05","05","Gottskär",5.87206831965681e-06
"222","GOT",178,"GOT-06","06","Gottskär",5.87206831965681e-06
"223","GOT",179,"GOT-09","09","Gottskär",5.87206831965681e-06
"224","GRO",193,"GRO-01","01","Grötvik",8.52584674209464e-06
"225","GRO",193,"GRO-03","03","Grötvik",8.52584674209464e-06
"226","GRO",193,"GRO-04","04","Grötvik",8.52584674209464e-06
"227","GRO",193,"GRO-09","09","Grötvik",8.52584674209464e-06
"228","GRO",193,"GRO-12","12","Grötvik",8.52584674209464e-06
"229","GRO",193,"GRO-14","14","Grötvik",8.52584674209464e-06
"230","GRO",193,"GRO-15","15","Grötvik",8.52584674209464e-06
"231","GRO",193,"GRO-16","16","Grötvik",8.52584674209464e-06
"232","GRO",193,"GRO-18","18","Grötvik",8.52584674209464e-06
"233","GRO",193,"GRO-19","19","Grötvik",8.52584674209464e-06
"234","GRO",193,"GRO-02","02","Grötvik",8.52584674209464e-06
"235","GRO",193,"GRO-05","05","Grötvik",8.52584674209464e-06
"236","GRO",193,"GRO-06","06","Grötvik",8.52584674209464e-06
"237","GRO",193,"GRO-07","07","Grötvik",8.52584674209464e-06
"238","GRO",193,"GRO-08","08","Grötvik",8.52584674209464e-06
"239","GRO",197,"GRO-10","10","Grötvik",8.52584674209464e-06
"240","GRO",193,"GRO-11","11","Grötvik",8.52584674209464e-06
"241","GRO",193,"GRO-17","17","Grötvik",8.52584674209464e-06
"242","HAN",744,"HAN-01","01","Hanko",0.000322559205142274
"243","HAN",744,"HAN-02","02","Hanko",0.000322559205142274
"244","HAN",744,"HAN-03","03","Hanko",0.000322559205142274
"245","HAN",744,"HAN-04","04","Hanko",0.000322559205142274
"246","HAN",744,"HAN-05","05","Hanko",0.000322559205142274
"247","HAN",744,"HAN-06","06","Hanko",0.000322559205142274
"248","HAN",744,"HAN-07","07","Hanko",0.000322559205142274
"249","HAN",744,"HAN-08","08","Hanko",0.000322559205142274
"250","HAN",744,"HAN-09","09","Hanko",0.000322559205142274
"251","HAN",744,"HAN-10","10","Hanko",0.000322559205142274
"252","HAN",749,"HAN-11","11","Hanko",0.000322559205142274
"253","HAN",749,"HAN-12","12","Hanko",0.000322559205142274
"254","HAN",749,"HAN-13","13","Hanko",0.000322559205142274
"255","HAN",749,"HAN-14","14","Hanko",0.000322559205142274
"256","HAN",754,"HAN-16","16","Hanko",0.000322559205142274
"257","HAN",754,"HAN-17","17","Hanko",0.000322559205142274
"258","HAN",754,"HAN-18","18","Hanko",0.000322559205142274
"259","HAN",754,"HAN-19","19","Hanko",0.000322559205142274
"260","HAN",754,"HAN-20","20","Hanko",0.000322559205142274
"261","HOG",200,"HOG-01","01","Höganäs",1.62055665111083e-05
"262","HOG",216,"HOG-02","02","Höganäs",1.62055665111083e-05
"263","HOG",216,"HOG-03","03","Höganäs",1.62055665111083e-05
"264","HOG",203,"HOG-04","04","Höganäs",1.62055665111083e-05
"265","HOG",204,"HOG-05","05","Höganäs",1.62055665111083e-05
"266","HOG",205,"HOG-06","06","Höganäs",1.62055665111083e-05
"267","HOG",217,"HOG-07","07","Höganäs",1.62055665111083e-05
"268","HOG",216,"HOG-08","08","Höganäs",1.62055665111083e-05
"269","HOG",208,"HOG-09","09","Höganäs",1.62055665111083e-05
"270","HOG",216,"HOG-11","11","Höganäs",1.62055665111083e-05
"271","HOG",210,"HOG-15","15","Höganäs",1.62055665111083e-05
"272","HOG",210,"HOG-16","16","Höganäs",1.62055665111083e-05
"273","HOG",212,"HOG-17","17","Höganäs",1.62055665111083e-05
"274","HOG",213,"HOG-18","18","Höganäs",1.62055665111083e-05
"275","HOG",214,"HOG-10","10","Höganäs",1.62055665111083e-05
"276","HOG",216,"HOG-12","12","Höganäs",1.62055665111083e-05
"277","HOG",217,"HOG-13","13","Höganäs",1.62055665111083e-05
"278","HOG",218,"HOG-19","19","Höganäs",1.62055665111083e-05
"279","HOR",587,"HOR-10","10","Hornsudde",4.80724704319179e-05
"280","HOR",587,"HOR-11","11","Hornsudde",4.80724704319179e-05
"281","HOR",587,"HOR-12","12","Hornsudde",4.80724704319179e-05
"282","HOR",587,"HOR-13","13","Hornsudde",4.80724704319179e-05
"283","HOR",587,"HOR-14","14","Hornsudde",4.80724704319179e-05
"284","HOR",587,"HOR-15","15","Hornsudde",4.80724704319179e-05
"285","HOR",587,"HOR-16","16","Hornsudde",4.80724704319179e-05
"286","HOR",587,"HOR-17","17","Hornsudde",4.80724704319179e-05
"287","HOR",587,"HOR-18","18","Hornsudde",4.80724704319179e-05
"288","HOR",587,"HOR-19","19","Hornsudde",4.80724704319179e-05
"289","HOR",587,"HOR-02","02","Hornsudde",4.80724704319179e-05
"290","HOR",587,"HOR-03","03","Hornsudde",4.80724704319179e-05
"291","HOR",587,"HOR-05","05","Hornsudde",4.80724704319179e-05
"292","HOR",587,"HOR-08","08","Hornsudde",4.80724704319179e-05
"293","HOR",587,"HOR-09","09","Hornsudde",4.80724704319179e-05
"294","HOR",587,"HOR-20","20","Hornsudde",4.80724704319179e-05
"295","ING",771,"ING-01","01","Ingå",0.000819672363726527
"296","ING",771,"ING-02","02","Ingå",0.000819672363726527
"297","ING",771,"ING-03","03","Ingå",0.000819672363726527
"298","ING",771,"ING-04","04","Ingå",0.000819672363726527
"299","ING",771,"ING-05","05","Ingå",0.000819672363726527
"300","ING",771,"ING-06","06","Ingå",0.000819672363726527
"301","ING",771,"ING-07","07","Ingå",0.000819672363726527
"302","ING",771,"ING-08","08","Ingå",0.000819672363726527
"303","ING",771,"ING-09","09","Ingå",0.000819672363726527
"304","ING",771,"ING-10","10","Ingå",0.000819672363726527
"305","ING",771,"ING-11","11","Ingå",0.000819672363726527
"306","ING",771,"ING-12","12","Ingå",0.000819672363726527
"307","ING",771,"ING-14","14","Ingå",0.000819672363726527
"308","ING",771,"ING-15","15","Ingå",0.000819672363726527
"309","ING",771,"ING-16","16","Ingå",0.000819672363726527
"310","ING",771,"ING-17","17","Ingå",0.000819672363726527
"311","ING",771,"ING-18","18","Ingå",0.000819672363726527
"312","ING",771,"ING-19","19","Ingå",0.000819672363726527
"313","ING",771,"ING-20","20","Ingå",0.000819672363726527
"314","KAL",426,"KAL-01","01","Kalmarsund",5.63137021123092e-05
"315","KAL",427,"KAL-02","02","Kalmarsund",5.63137021123092e-05
"316","KAL",427,"KAL-03","03","Kalmarsund",5.63137021123092e-05
"317","KAL",441,"KAL-04","04","Kalmarsund",5.63137021123092e-05
"318","KAL",427,"KAL-05","05","Kalmarsund",5.63137021123092e-05
"319","KAL",436,"KAL-06","06","Kalmarsund",5.63137021123092e-05
"320","KAL",426,"KAL-07","07","Kalmarsund",5.63137021123092e-05
"321","KAL",436,"KAL-08","08","Kalmarsund",5.63137021123092e-05
"322","KAL",426,"KAL-09","09","Kalmarsund",5.63137021123092e-05
"323","KAL",441,"KAL-10","10","Kalmarsund",5.63137021123092e-05
"324","KAL",441,"KAL-11","11","Kalmarsund",5.63137021123092e-05
"325","KAL",436,"KAL-12","12","Kalmarsund",5.63137021123092e-05
"326","KAL",441,"KAL-13","13","Kalmarsund",5.63137021123092e-05
"327","KAL",426,"KAL-14","14","Kalmarsund",5.63137021123092e-05
"328","KAL",436,"KAL-15","15","Kalmarsund",5.63137021123092e-05
"329","KAL",436,"KAL-16","16","Kalmarsund",5.63137021123092e-05
"330","KAL",427,"KAL-17","17","Kalmarsund",5.63137021123092e-05
"331","KAL",441,"KAL-18","18","Kalmarsund",5.63137021123092e-05
"332","KAL",427,"KAL-19","19","Kalmarsund",5.63137021123092e-05
"333","KAL",448,"KAL-20","20","Kalmarsund",5.63137021123092e-05
"334","KAR",451,"KAR-02","02","Kårehamn",1.84717949528045e-05
"335","KAR",451,"KAR-08","08","Kårehamn",1.84717949528045e-05
"336","KAR",451,"KAR-09","09","Kårehamn",1.84717949528045e-05
"337","KAR",451,"KAR-12","12","Kårehamn",1.84717949528045e-05
"338","KAR",451,"KAR-13","13","Kårehamn",1.84717949528045e-05
"339","KAR",451,"KAR-14","14","Kårehamn",1.84717949528045e-05
"340","KAR",451,"KAR-15","15","Kårehamn",1.84717949528045e-05
"341","KAR",451,"KAR-16","16","Kårehamn",1.84717949528045e-05
"342","KAR",451,"KAR-18","18","Kårehamn",1.84717949528045e-05
"343","KAR",451,"KAR-20","20","Kårehamn",1.84717949528045e-05
"344","KAR",451,"KAR-01","01","Kårehamn",1.84717949528045e-05
"345","KAR",460,"KAR-03","03","Kårehamn",1.84717949528045e-05
"346","KAR",451,"KAR-07","07","Kårehamn",1.84717949528045e-05
"347","KAR",451,"KAR-11","11","Kårehamn",1.84717949528045e-05
"348","KAR",451,"KAR-17","17","Kårehamn",1.84717949528045e-05
"349","KAV",69,"KAV-01","01","Kämpersvik",1.84717949528045e-05
"350","KAV",71,"KAV-02","02","Kämpersvik",1.84717949528045e-05
"351","KAV",72,"KAV-03","03","Kämpersvik",1.84717949528045e-05
"352","KAV",75,"KAV-04","04","Kämpersvik",1.84717949528045e-05
"353","KAV",76,"KAV-05","05","Kämpersvik",1.84717949528045e-05
"354","KAV",77,"KAV-06","06","Kämpersvik",6.32770256589895e-05
"355","KAV",78,"KAV-07","07","Kämpersvik",6.32770256589895e-05
"356","KAV",79,"KAV-08","08","Kämpersvik",6.32770256589895e-05
"357","KAV",69,"KAV-09","09","Kämpersvik",6.32770256589895e-05
"358","KAV",79,"KAV-10","10","Kämpersvik",6.32770256589895e-05
"359","KAV",84,"KAV-11","11","Kämpersvik",6.32770256589895e-05
"360","KAV",84,"KAV-12","12","Kämpersvik",6.32770256589895e-05
"361","KAV",84,"KAV-13","13","Kämpersvik",6.32770256589895e-05
"362","KAV",85,"KAV-14","14","Kämpersvik",6.32770256589895e-05
"363","KAV",86,"KAV-15","15","Kämpersvik",6.32770256589895e-05
"364","KAV",87,"KAV-16","16","Kämpersvik",6.32770256589895e-05
"365","KAV",90,"KAV-17","17","Kämpersvik",6.32770256589895e-05
"366","KAV",90,"KAV-18","18","Kämpersvik",6.32770256589895e-05
"367","KAV",90,"KAV-19","19","Kämpersvik",6.32770256589895e-05
"368","KAV",90,"KAV-20","20","Kämpersvik",6.32770256589895e-05
"369","KIE",2,"KIE-01","01","Kiel",9.64458655333454e-05
"370","KIE",2,"KIE-02","02","Kiel",9.64458655333454e-05
"371","KIE",4,"KIE-03","03","Kiel",9.64458655333454e-05
"372","KIE",5,"KIE-04","04","Kiel",9.64458655333454e-05
"373","KIE",7,"KIE-05","05","Kiel",9.64458655333454e-05
"374","KIE",5,"KIE-06","06","Kiel",9.64458655333454e-05
"375","KIE",5,"KIE-08","08","Kiel",9.64458655333454e-05
"376","KIE",11,"KIE-09","09","Kiel",9.64458655333454e-05
"377","KIE",12,"KIE-10","10","Kiel",9.64458655333454e-05
"378","KIE",14,"KIE-11","11","Kiel",9.64458655333454e-05
"379","KIE",15,"KIE-12","12","Kiel",9.64458655333454e-05
"380","KIE",16,"KIE-13","13","Kiel",9.64458655333454e-05
"381","KIE",20,"KIE-14","14","Kiel",9.64458655333454e-05
"382","KIE",20,"KIE-15","15","Kiel",9.64458655333454e-05
"383","KIE",20,"KIE-16","16","Kiel",9.64458655333454e-05
"384","KIE",20,"KIE-17","17","Kiel",9.64458655333454e-05
"385","KIE",21,"KIE-18","18","Kiel",9.64458655333454e-05
"386","KIE",21,"KIE-19","19","Kiel",9.64458655333454e-05
"387","KIE",21,"KIE-20","20","Kiel",9.64458655333454e-05
"388","KLI",563,"KLI-02","02","Klintehamn",2.56023836840353e-05
"389","KLI",563,"KLI-03","03","Klintehamn",2.56023836840353e-05
"390","KLI",563,"KLI-04","04","Klintehamn",2.56023836840353e-05
"391","KLI",563,"KLI-05","05","Klintehamn",2.56023836840353e-05
"392","KLI",561,"KLI-07","07","Klintehamn",2.56023836840353e-05
"393","KLI",561,"KLI-08","08","Klintehamn",2.56023836840353e-05
"394","KLI",561,"KLI-09","09","Klintehamn",2.56023836840353e-05
"395","KLI",563,"KLI-10","10","Klintehamn",2.56023836840353e-05
"396","KLI",563,"KLI-13","13","Klintehamn",2.56023836840353e-05
"397","KLI",561,"KLI-15","15","Klintehamn",2.56023836840353e-05
"398","KLI",561,"KLI-16","16","Klintehamn",2.56023836840353e-05
"399","KLI",575,"KLI-17","17","Klintehamn",2.56023836840353e-05
"400","KLI",561,"KLI-01","01","Klintehamn",2.56023836840353e-05
"401","KLI",569,"KLI-06","06","Klintehamn",2.56023836840353e-05
"402","KLI",563,"KLI-12","12","Klintehamn",2.56023836840353e-05
"403","KLI",561,"KLI-14","14","Klintehamn",2.56023836840353e-05
"404","KLI",573,"KLI-18","18","Klintehamn",2.56023836840353e-05
"405","KLI",573,"KLI-19","19","Klintehamn",2.56023836840353e-05
"406","KLI",575,"KLI-20","20","Klintehamn",2.56023836840353e-05
"407","KOD",39,"KOD-04","04","Koster donor site",2.08789809896685e-05
"408","KOD",25,"KOD-13","13","Koster donor site",2.08789809896685e-05
"409","KOD",25,"KOD-14","14","Koster donor site",2.08789809896685e-05
"410","KOD",43,"KOD-15","15","Koster donor site",2.08789809896685e-05
"411","KOD",28,"KOD-16","16","Koster donor site",2.08789809896685e-05
"412","KOD",29,"KOD-18","18","Koster donor site",2.08789809896685e-05
"413","KOD",30,"KOD-19","19","Koster donor site",2.08789809896685e-05
"414","KOD",31,"KOD-20","20","Koster donor site",2.08789809896685e-05
"415","KOD",33,"KOD-01","01","Koster donor site",2.08789809896685e-05
"416","KOD",33,"KOD-02","02","Koster donor site",2.08789809896685e-05
"417","KOD",39,"KOD-03","03","Koster donor site",2.08789809896685e-05
"418","KOD",39,"KOD-05","05","Koster donor site",2.08789809896685e-05
"419","KOD",39,"KOD-06","06","Koster donor site",2.08789809896685e-05
"420","KOD",39,"KOD-07","07","Koster donor site",2.08789809896685e-05
"421","KOD",39,"KOD-08","08","Koster donor site",2.08789809896685e-05
"422","KOD",39,"KOD-09","09","Koster donor site",2.08789809896685e-05
"423","KOD",41,"KOD-10","10","Koster donor site",2.08789809896685e-05
"424","KOD",42,"KOD-11","11","Koster donor site",2.08789809896685e-05
"425","KOD",43,"KOD-17","17","Koster donor site",2.08789809896685e-05
"426","KRA",642,"KRA-04","04","Krampö",3.43496797909414e-05
"427","KRA",642,"KRA-11","11","Krampö",3.43496797909414e-05
"428","KRA",642,"KRA-15","15","Krampö",3.43496797909414e-05
"429","KRA",642,"KRA-17","17","Krampö",3.43496797909414e-05
"430","KRA",642,"KRA-18","18","Krampö",3.43496797909414e-05
"431","KRA",642,"KRA-01","01","Krampö",3.43496797909414e-05
"432","KRA",642,"KRA-03","03","Krampö",3.43496797909414e-05
"433","KRA",642,"KRA-16","16","Krampö",3.43496797909414e-05
"434","KRA",642,"KRA-20","20","Krampö",3.43496797909414e-05
"435","KUR",288,"KUR-01","01","Kurland",4.08998371312232e-05
"436","KUR",288,"KUR-02","02","Kurland",4.08998371312232e-05
"437","KUR",288,"KUR-03","03","Kurland",4.08998371312232e-05
"438","KUR",288,"KUR-04","04","Kurland",4.08998371312232e-05
"439","KUR",288,"KUR-05","05","Kurland",4.08998371312232e-05
"440","KUR",288,"KUR-06","06","Kurland",4.08998371312232e-05
"441","KUR",291,"KUR-07","07","Kurland",4.08998371312232e-05
"442","KUR",288,"KUR-08","08","Kurland",4.08998371312232e-05
"443","KUR",294,"KUR-09","09","Kurland",4.08998371312232e-05
"444","KUR",296,"KUR-10","10","Kurland",4.08998371312232e-05
"445","KUR",297,"KUR-11","11","Kurland",4.08998371312232e-05
"446","KUR",297,"KUR-12","12","Kurland",4.08998371312232e-05
"447","KUR",299,"KUR-13","13","Kurland",4.08998371312232e-05
"448","KUR",302,"KUR-14","14","Kurland",4.08998371312232e-05
"449","KUR",302,"KUR-15","15","Kurland",4.08998371312232e-05
"450","KUR",302,"KUR-16","16","Kurland",4.08998371312232e-05
"451","KUR",302,"KUR-17","17","Kurland",4.08998371312232e-05
"452","KUR",306,"KUR-18","18","Kurland",4.08998371312232e-05
"453","KUR",306,"KUR-19","19","Kurland",4.08998371312232e-05
"454","KUR",306,"KUR-20","20","Kurland",4.08998371312232e-05
"455","LJU",540,"LJU-01","01","Ljugarn",4.22918361968296e-05
"456","LJU",540,"LJU-02","02","Ljugarn",4.22918361968296e-05
"457","LJU",540,"LJU-03","03","Ljugarn",4.22918361968296e-05
"458","LJU",540,"LJU-04","04","Ljugarn",4.22918361968296e-05
"459","LJU",540,"LJU-05","05","Ljugarn",4.22918361968296e-05
"460","LJU",540,"LJU-06","06","Ljugarn",4.22918361968296e-05
"461","LJU",546,"LJU-08","08","Ljugarn",4.22918361968296e-05
"462","LJU",546,"LJU-09","09","Ljugarn",4.22918361968296e-05
"463","LJU",546,"LJU-10","10","Ljugarn",4.22918361968296e-05
"464","LJU",546,"LJU-11","11","Ljugarn",4.22918361968296e-05
"465","LJU",546,"LJU-12","12","Ljugarn",4.22918361968296e-05
"466","LJU",546,"LJU-13","13","Ljugarn",4.22918361968296e-05
"467","LJU",546,"LJU-14","14","Ljugarn",4.22918361968296e-05
"468","LJU",551,"LJU-17","17","Ljugarn",4.22918361968296e-05
"469","LJU",546,"LJU-18","18","Ljugarn",4.22918361968296e-05
"470","LJU",546,"LJU-19","19","Ljugarn",4.22918361968296e-05
"471","LJU",555,"LJU-20","20","Ljugarn",4.22918361968296e-05
"472","LOM",265,"LOM-01","01","South Lomma Bay",5.49817431234051e-06
"473","LOM",267,"LOM-02","02","South Lomma Bay",5.49817431234051e-06
"474","LOM",267,"LOM-03","03","South Lomma Bay",5.49817431234051e-06
"475","LOM",268,"LOM-04","04","South Lomma Bay",5.49817431234051e-06
"476","LOM",270,"LOM-05","05","South Lomma Bay",5.49817431234051e-06
"477","LOM",270,"LOM-06","06","South Lomma Bay",5.49817431234051e-06
"478","LOM",273,"LOM-07","07","South Lomma Bay",5.49817431234051e-06
"479","LOM",273,"LOM-08","08","South Lomma Bay",5.49817431234051e-06
"480","LOM",273,"LOM-09","09","South Lomma Bay",5.49817431234051e-06
"481","LOM",274,"LOM-10","10","South Lomma Bay",5.49817431234051e-06
"482","LOM",275,"LOM-11","11","South Lomma Bay",5.49817431234051e-06
"483","LOM",277,"LOM-12","12","South Lomma Bay",5.49817431234051e-06
"484","LOM",277,"LOM-13","13","South Lomma Bay",5.49817431234051e-06
"485","LOM",278,"LOM-14","14","South Lomma Bay",4.40017380646458e-05
"486","LOM",279,"LOM-16","16","South Lomma Bay",4.40017380646458e-05
"487","LOM",280,"LOM-17","17","South Lomma Bay",4.40017380646458e-05
"488","LOM",281,"LOM-18","18","South Lomma Bay",4.40017380646458e-05
"489","LOM",282,"LOM-19","19","South Lomma Bay",4.40017380646458e-05
"490","LOM",284,"LOM-20","20","South Lomma Bay",4.40017380646458e-05
"491","NOV",138,"NOV-01","01","N. Överön",4.40017380646458e-05
"492","NOV",138,"NOV-03","03","N. Överön",4.40017380646458e-05
"493","NOV",144,"NOV-04","04","N. Överön",4.40017380646458e-05
"494","NOV",144,"NOV-05","05","N. Överön",4.40017380646458e-05
"495","NOV",147,"NOV-06","06","N. Överön",4.40017380646458e-05
"496","NOV",146,"NOV-08","08","N. Överön",4.40017380646458e-05
"497","NOV",147,"NOV-09","09","N. Överön",4.40017380646458e-05
"498","NOV",148,"NOV-13","13","N. Överön",4.40017380646458e-05
"499","NOV",149,"NOV-14","14","N. Överön",4.40017380646458e-05
"500","NOV",150,"NOV-15","15","N. Överön",4.40017380646458e-05
"501","NOV",150,"NOV-16","16","N. Överön",4.40017380646458e-05
"502","NOV",152,"NOV-18","18","N. Överön",5.33466552988073e-05
"503","NOV",153,"NOV-20","20","N. Överön",5.33466552988073e-05
"504","NYN",659,"NYN-02","02","Nynäshamn",5.33466552988073e-05
"505","NYN",649,"NYN-03","03","Nynäshamn",5.33466552988073e-05
"506","NYN",659,"NYN-04","04","Nynäshamn",5.33466552988073e-05
"507","NYN",659,"NYN-11","11","Nynäshamn",5.33466552988073e-05
"508","NYN",659,"NYN-12","12","Nynäshamn",5.33466552988073e-05
"509","NYN",659,"NYN-13","13","Nynäshamn",5.33466552988073e-05
"510","NYN",659,"NYN-14","14","Nynäshamn",5.33466552988073e-05
"511","NYN",659,"NYN-18","18","Nynäshamn",5.33466552988073e-05
"512","NYN",659,"NYN-19","19","Nynäshamn",5.33466552988073e-05
"513","NYN",659,"NYN-01","01","Nynäshamn",5.33466552988073e-05
"514","NYN",659,"NYN-07","07","Nynäshamn",5.33466552988073e-05
"515","NYN",659,"NYN-08","08","Nynäshamn",5.33466552988073e-05
"516","NYN",659,"NYN-09","09","Nynäshamn",5.33466552988073e-05
"517","NYN",659,"NYN-10","10","Nynäshamn",5.33466552988073e-05
"518","NYN",659,"NYN-15","15","Nynäshamn",5.33466552988073e-05
"519","NYN",659,"NYN-16","16","Nynäshamn",5.33466552988073e-05
"520","NYN",659,"NYN-17","17","Nynäshamn",5.33466552988073e-05
"521","OSK",471,"OSK-01","01","Oskarshamn",5.33466552988073e-05
"522","OSK",471,"OSK-02","02","Oskarshamn",0.000127689255045393
"523","OSK",471,"OSK-03","03","Oskarshamn",0.000127689255045393
"524","OSK",471,"OSK-04","04","Oskarshamn",0.000127689255045393
"525","OSK",471,"OSK-05","05","Oskarshamn",0.000127689255045393
"526","OSK",474,"OSK-06","06","Oskarshamn",0.000127689255045393
"527","OSK",474,"OSK-07","07","Oskarshamn",0.000127689255045393
"528","OSK",474,"OSK-08","08","Oskarshamn",0.000127689255045393
"529","OSK",474,"OSK-09","09","Oskarshamn",0.000127689255045393
"530","OSK",474,"OSK-10","10","Oskarshamn",0.000127689255045393
"531","OSK",474,"OSK-11","11","Oskarshamn",0.000127689255045393
"532","OSK",474,"OSK-12","12","Oskarshamn",0.000127689255045393
"533","OSK",474,"OSK-13","13","Oskarshamn",0.000127689255045393
"534","OSK",474,"OSK-14","14","Oskarshamn",0.000127689255045393
"535","OSK",474,"OSK-15","15","Oskarshamn",0.000127689255045393
"536","OSK",474,"OSK-16","16","Oskarshamn",0.000127689255045393
"537","OSK",474,"OSK-17","17","Oskarshamn",0.000127689255045393
"538","OSK",474,"OSK-18","18","Oskarshamn",0.000127689255045393
"539","OSK",474,"OSK-19","19","Oskarshamn",0.000127689255045393
"540","OSK",474,"OSK-20","20","Oskarshamn",0.000127689255045393
"541","RAU",714,"RAU-01","01","Rauma",0.000127689255045393
"542","RAU",714,"RAU-02","02","Rauma",6.35253018060007e-06
"543","RAU",714,"RAU-03","03","Rauma",6.35253018060007e-06
"544","RAU",714,"RAU-04","04","Rauma",6.35253018060007e-06
"545","RAU",714,"RAU-05","05","Rauma",6.35253018060007e-06
"546","RAU",714,"RAU-06","06","Rauma",6.35253018060007e-06
"547","RAU",714,"RAU-07","07","Rauma",6.35253018060007e-06
"548","RAU",714,"RAU-08","08","Rauma",6.35253018060007e-06
"549","RAU",714,"RAU-09","09","Rauma",6.35253018060007e-06
"550","RAU",714,"RAU-10","10","Rauma",6.35253018060007e-06
"551","RAU",714,"RAU-11","11","Rauma",6.35253018060007e-06
"552","RAU",714,"RAU-12","12","Rauma",6.35253018060007e-06
"553","RAU",714,"RAU-13","13","Rauma",6.35253018060007e-06
"554","RAU",714,"RAU-14","14","Rauma",6.35253018060007e-06
"555","RAU",714,"RAU-15","15","Rauma",6.35253018060007e-06
"556","RAU",714,"RAU-16","16","Rauma",6.35253018060007e-06
"557","RAU",714,"RAU-17","17","Rauma",6.35253018060007e-06
"558","RAU",714,"RAU-18","18","Rauma",6.35253018060007e-06
"559","RAU",714,"RAU-19","19","Rauma",6.35253018060007e-06
"560","RAU",714,"RAU-20","20","Rauma",6.35253018060007e-06
"561","SBR",154,"SBR-01","01","S. Brännö",2.34688240214538e-05
"562","SBR",157,"SBR-02","02","S. Brännö",2.34688240214538e-05
"563","SBR",159,"SBR-03","03","S. Brännö",2.34688240214538e-05
"564","SBR",160,"SBR-04","04","S. Brännö",2.34688240214538e-05
"565","SBR",161,"SBR-05","05","S. Brännö",2.34688240214538e-05
"566","SBR",162,"SBR-07","07","S. Brännö",2.34688240214538e-05
"567","SBR",163,"SBR-08","08","S. Brännö",2.34688240214538e-05
"568","SBR",164,"SBR-09","09","S. Brännö",2.34688240214538e-05
"569","SBR",165,"SBR-10","10","S. Brännö",2.34688240214538e-05
"570","SBR",166,"SBR-11","11","S. Brännö",2.34688240214538e-05
"571","SBR",167,"SBR-12","12","S. Brännö",2.34688240214538e-05
"572","SBR",168,"SBR-13","13","S. Brännö",2.34688240214538e-05
"573","SBR",169,"SBR-14","14","S. Brännö",2.34688240214538e-05
"574","SBR",170,"SBR-15","15","S. Brännö",2.34688240214538e-05
"575","SBR",171,"SBR-16","16","S. Brännö",2.34688240214538e-05
"576","SBR",172,"SBR-17","17","S. Brännö",2.34688240214538e-05
"577","SBR",173,"SBR-18","18","S. Brännö",2.34688240214538e-05
"578","SBR",174,"SBR-19","19","S. Brännö",2.34688240214538e-05
"579","SBR",175,"SBR-20","20","S. Brännö",2.34688240214538e-05
"580","SKI",327,"SKI-01","01","Skillinge",2.34688240214538e-05
"581","SKI",327,"SKI-02","02","Skillinge",8.20462213029371e-05
"582","SKI",327,"SKI-03","03","Skillinge",8.20462213029371e-05
"583","SKI",336,"SKI-04","04","Skillinge",8.20462213029371e-05
"584","SKI",336,"SKI-05","05","Skillinge",8.20462213029371e-05
"585","SKI",336,"SKI-06","06","Skillinge",8.20462213029371e-05
"586","SKI",336,"SKI-07","07","Skillinge",8.20462213029371e-05
"587","SKI",336,"SKI-08","08","Skillinge",8.20462213029371e-05
"588","SKI",336,"SKI-09","09","Skillinge",8.20462213029371e-05
"589","SKI",327,"SKI-10","10","Skillinge",8.20462213029371e-05
"590","SKI",336,"SKI-11","11","Skillinge",8.20462213029371e-05
"591","SKI",336,"SKI-12","12","Skillinge",8.20462213029371e-05
"592","SKI",336,"SKI-13","13","Skillinge",8.20462213029371e-05
"593","SKI",346,"SKI-14","14","Skillinge",8.20462213029371e-05
"594","SKI",346,"SKI-15","15","Skillinge",8.20462213029371e-05
"595","SKI",346,"SKI-16","16","Skillinge",8.20462213029371e-05
"596","SKI",346,"SKI-17","17","Skillinge",8.20462213029371e-05
"597","SKI",346,"SKI-18","18","Skillinge",8.20462213029371e-05
"598","SKI",346,"SKI-19","19","Skillinge",8.20462213029371e-05
"599","SKI",346,"SKI-20","20","Skillinge",8.20462213029371e-05
"600","SLI",597,"SLI-02","02","Slite",4.32667440244116e-05
"601","SLI",594,"SLI-04","04","Slite",4.32667440244116e-05
"602","SLI",597,"SLI-06","06","Slite",4.32667440244116e-05
"603","SLI",597,"SLI-08","08","Slite",4.32667440244116e-05
"604","SLI",597,"SLI-09","09","Slite",4.32667440244116e-05
"605","SLI",597,"SLI-10","10","Slite",4.32667440244116e-05
"606","SLI",597,"SLI-11","11","Slite",4.32667440244116e-05
"607","SLI",597,"SLI-12","12","Slite",4.32667440244116e-05
"608","SLI",597,"SLI-14","14","Slite",4.32667440244116e-05
"609","SLI",597,"SLI-16","16","Slite",4.32667440244116e-05
"610","SLI",597,"SLI-18","18","Slite",4.32667440244116e-05
"611","SLI",597,"SLI-01","01","Slite",4.32667440244116e-05
"612","SLI",597,"SLI-03","03","Slite",4.32667440244116e-05
"613","SLI",606,"SLI-05","05","Slite",4.32667440244116e-05
"614","SLI",597,"SLI-07","07","Slite",4.32667440244116e-05
"615","SLI",597,"SLI-15","15","Slite",4.32667440244116e-05
"616","SLI",597,"SLI-17","17","Slite",4.32667440244116e-05
"617","SLI",597,"SLI-19","19","Slite",4.32667440244116e-05
"618","SLI",597,"SLI-20","20","Slite",4.32667440244116e-05
"619","STE",116,"STE-01","01","Stenungsund",7.35063807695668e-06
"620","STE",117,"STE-03","03","Stenungsund",7.35063807695668e-06
"621","STE",118,"STE-04","04","Stenungsund",7.35063807695668e-06
"622","STE",119,"STE-05","05","Stenungsund",7.35063807695668e-06
"623","STE",135,"STE-06","06","Stenungsund",7.35063807695668e-06
"624","STE",121,"STE-07","07","Stenungsund",7.35063807695668e-06
"625","STE",122,"STE-09","09","Stenungsund",7.35063807695668e-06
"626","STE",123,"STE-11","11","Stenungsund",7.35063807695668e-06
"627","STE",124,"STE-12","12","Stenungsund",7.35063807695668e-06
"628","STE",123,"STE-13","13","Stenungsund",7.35063807695668e-06
"629","STE",126,"STE-14","14","Stenungsund",7.35063807695668e-06
"630","STE",127,"STE-17","17","Stenungsund",7.35063807695668e-06
"631","STE",137,"STE-18","18","Stenungsund",7.35063807695668e-06
"632","STE",131,"STE-19","19","Stenungsund",7.35063807695668e-06
"633","STE",132,"STE-20","20","Stenungsund",7.35063807695668e-06
"634","STE",133,"STE-02","02","Stenungsund",7.35063807695668e-06
"635","STE",136,"STE-08","08","Stenungsund",7.35063807695668e-06
"636","STE",135,"STE-10","10","Stenungsund",7.35063807695668e-06
"637","STE",136,"STE-15","15","Stenungsund",7.35063807695668e-06
"638","STE",137,"STE-16","16","Stenungsund",7.35063807695668e-06
"639","TAL",785,"TAL-01","01","Tallinn",0.000287799389366138
"640","TAL",785,"TAL-02","02","Tallinn",0.000287799389366138
"641","TAL",785,"TAL-03","03","Tallinn",0.000287799389366138
"642","TAL",785,"TAL-04","04","Tallinn",0.000287799389366138
"643","TAL",785,"TAL-05","05","Tallinn",0.000287799389366138
"644","TAL",785,"TAL-06","06","Tallinn",0.000287799389366138
"645","TAL",785,"TAL-07","07","Tallinn",0.000287799389366138
"646","TAL",785,"TAL-08","08","Tallinn",0.000287799389366138
"647","TAL",785,"TAL-09","09","Tallinn",0.000287799389366138
"648","TAL",785,"TAL-10","10","Tallinn",0.000287799389366138
"649","TAL",785,"TAL-11","11","Tallinn",0.000287799389366138
"650","TAL",801,"TAL-12","12","Tallinn",0.000287799389366138
"651","TAL",801,"TAL-13","13","Tallinn",0.000287799389366138
"652","TAL",785,"TAL-14","14","Tallinn",0.000287799389366138
"653","TAL",801,"TAL-15","15","Tallinn",0.000287799389366138
"654","TAL",801,"TAL-16","16","Tallinn",0.000287799389366138
"655","TAL",801,"TAL-17","17","Tallinn",0.000287799389366138
"656","TAL",801,"TAL-18","18","Tallinn",0.000287799389366138
"657","TAL",785,"TAL-19","19","Tallinn",0.000287799389366138
"658","TAL",801,"TAL-20","20","Tallinn",0.000287799389366138
"659","VHA",92,"VHA-01","01","Väst Hjältön",1.37573677862147e-05
"660","VHA",93,"VHA-02","02","Väst Hjältön",1.37573677862147e-05
"661","VHA",94,"VHA-03","03","Väst Hjältön",1.37573677862147e-05
"662","VHA",96,"VHA-04","04","Väst Hjältön",1.37573677862147e-05
"663","VHA",96,"VHA-05","05","Väst Hjältön",1.37573677862147e-05
"664","VHA",97,"VHA-06","06","Väst Hjältön",1.37573677862147e-05
"665","VHA",98,"VHA-07","07","Väst Hjältön",1.37573677862147e-05
"666","VHA",99,"VHA-08","08","Väst Hjältön",1.37573677862147e-05
"667","VHA",100,"VHA-09","09","Väst Hjältön",1.37573677862147e-05
"668","VHA",101,"VHA-10","10","Väst Hjältön",1.37573677862147e-05
"669","VHA",102,"VHA-11","11","Väst Hjältön",1.37573677862147e-05
"670","VHA",102,"VHA-12","12","Väst Hjältön",1.37573677862147e-05
"671","VHA",104,"VHA-13","13","Väst Hjältön",1.37573677862147e-05
"672","VHA",104,"VHA-14","14","Väst Hjältön",1.37573677862147e-05
"673","VHA",106,"VHA-15","15","Väst Hjältön",1.37573677862147e-05
"674","VHA",107,"VHA-16","16","Väst Hjältön",1.37573677862147e-05
"675","VHA",108,"VHA-17","17","Väst Hjältön",1.37573677862147e-05
"676","VHA",110,"VHA-18","18","Väst Hjältön",1.37573677862147e-05
"677","VHA",112,"VHA-19","19","Väst Hjältön",1.37573677862147e-05
"678","VHA",115,"VHA-20","20","Väst Hjältön",1.37573677862147e-05
"679","YST",312,"YST-01","01","Ystad",3.44994052282547e-05
"680","YST",312,"YST-02","02","Ystad",3.44994052282547e-05
"681","YST",312,"YST-03","03","Ystad",3.44994052282547e-05
"682","YST",312,"YST-04","04","Ystad",3.44994052282547e-05
"683","YST",312,"YST-05","05","Ystad",3.44994052282547e-05
"684","YST",312,"YST-08","08","Ystad",3.44994052282547e-05
"685","YST",315,"YST-11","11","Ystad",3.44994052282547e-05
"686","YST",315,"YST-12","12","Ystad",3.44994052282547e-05
"687","YST",317,"YST-15","15","Ystad",3.44994052282547e-05
"688","YST",317,"YST-19","19","Ystad",3.44994052282547e-05
"689","YST",312,"YST-06","06","Ystad",3.44994052282547e-05
"690","YST",312,"YST-07","07","Ystad",3.44994052282547e-05
"691","YST",321,"YST-09","09","Ystad",3.44994052282547e-05
"692","YST",315,"YST-10","10","Ystad",3.44994052282547e-05
"693","YST",315,"YST-14","14","Ystad",3.44994052282547e-05
"694","YST",317,"YST-16","16","Ystad",3.44994052282547e-05
"695","YST",326,"YST-18","18","Ystad",3.44994052282547e-05
"696","YST",326,"YST-20","20","Ystad",3.44994052282547e-05
